Workbook

Sheet MENU
B1: PAINEL DE CONTAS A RECEBER VENCIDO | F1: TT VENCIDO => | H1: =SUM(H2:H4) -> 24967.61 | L1: META | M1: REAL | N1: FATURAMENTO MÊS | O1: CLASSIFICAÇÃO | Q1: RESPONSABILIDADE
F2: R$ INAD. => | H2: =SUMIFS(O:O,B:B,"INAD.",K:K,">=-30",K:K,"<=0") -> 14988.2 | L2: 0.00301 | M2: =IFERROR(H2/N2,"-") -> 0.003771456 | N2: 3974115 | O2: INAD. | P2: ATÉ 30d. | Q2: RN | R2: ATÉ 15d.
C3: UNIDADE: | D3: CRUZ | F3: R$ IREC. => | H3: =SUMIFS(O:O,B:B,"IREC.",K:K,">=-75",K:K,"<=0") -> 8586.94 | O3: IREC. | P3: ATÉ 75d. | Q3: GV | R3: ATÉ 45d.
C4: MÊS: | D4: 46113 | F4: R$ PDD => | H4: =SUMIFS(O:O, B:B, "PDD", K:K, "<=-75") -> 1392.47 | L4: 0.12% | M4: =IFERROR(H3/N2,"-") -> 0.0021607175 | O4: PDD | P4: ACIMA 75d. | Q4: GC | R4: ACIMA 45d.
A7: Validador | B7: STATUS | C7: DONO | D7: CLIENTE | E7: NOME | F7: UNB | G7: TITULO | H7: RN | I7: NOME DO RN | J7: NOME DO GC/GV | K7: DIAS | L7: EMISSÃO | M7: ENTREGA | N7: VENC.TO | O7: VALOR | P7: PENDENTE | Q7: CORRIGIDO | R7: Nr. BANCO | T7: DATA | U7: AÇÃO
A8: ='CAR PROMAX FILIAL CRUZ'!O2 -> -95 | B8: =IF(K8<0,IF(K8>-31,"INAD.",IF(K8>-76,"IREC.","PDD"))," ") -> PDD | C8: =IF(K8<0,IF(K8>-16,"RN",IF(K8>-46,"GV","GC"))," ") -> GC | D8: =IF(A8<0,'CAR PROMAX FILIAL CRUZ'!B2," ") -> 576 | E8: =IF(A8<0,'CAR PROMAX FILIAL CRUZ'!C2," ") -> ROCK VARIEDADES JUR | F8: =IF(A8<0,'CAR PROMAX FILIAL CRUZ'!D2," ") -> 2 | G8: =IF(A8<0,'CAR PROMAX FILIAL CRUZ'!E2," ") -> 79246 | H8: =IF(A8<0,'CAR PROMAX FILIAL CRUZ'!J2," ") -> 101 | I8: =_xlfn.XLOOKUP(H8,'RN - SETORES'!A:A,'RN - SETORES'!B:B) -> Francisco Damilo | J8: =_xlfn.XLOOKUP(C8,'GV - SETORES'!D:D,'GV - SETORES'!E:E,IF(K8>=-45,_xlfn.XLOOKUP(H8,'GV - SETORES'!A:A,'GV - SETORES'!B:B))) -> Anderson | K8: =IF(A8<0,'CAR PROMAX FILIAL CRUZ'!O2," ") -> -95 | L8: =IF(A8<0,'CAR PROMAX FILIAL CRUZ'!P2," ") -> 46034 | M8: =IF(A8<0,'CAR PROMAX FILIAL CRUZ'!Q2," ") -> 46035 | N8: =IF(A8<0,'CAR PROMAX FILIAL CRUZ'!R2," ") -> 46041 | O8: =IF(A8<0,'CAR PROMAX FILIAL CRUZ'!S2," ") -> 459.85 | P8: =IF(A8<0,'CAR PROMAX FILIAL CRUZ'!T2," ") -> 459.85 | Q8: =IF(A8<0,'CAR PROMAX FILIAL CRUZ'!U2," ") -> 555.18 | R8: =IF(A8<0,'CAR PROMAX FILIAL CRUZ'!V2," ") -> 3612006755
A9: ='CAR PROMAX FILIAL CRUZ'!O3 -> -93 | B9: =IF(K9<0,IF(K9>-31,"INAD.",IF(K9>-76,"IREC.","PDD"))," ") -> PDD | C9: =IF(K9<0,IF(K9>-16,"RN",IF(K9>-46,"GV","GC"))," ") -> GC | D9: =IF(A9<0,'CAR PROMAX FILIAL CRUZ'!B3," ") -> 3730 | E9: =IF(A9<0,'CAR PROMAX FILIAL CRUZ'!C3," ") -> GELADAO PREA | F9: =IF(A9<0,'CAR PROMAX FILIAL CRUZ'!D3," ") -> 2 | G9: =IF(A9<0,'CAR PROMAX FILIAL CRUZ'!E3," ") -> 79463 | H9: =IF(A9<0,'CAR PROMAX FILIAL CRUZ'!J3," ") -> 514 | I9: =_xlfn.XLOOKUP(H9,'RN - SETORES'!A:A,'RN - SETORES'!B:B) -> Juan | J9: =_xlfn.XLOOKUP(C9,'GV - SETORES'!D:D,'GV - SETORES'!E:E,IF(K9>=-45,_xlfn.XLOOKUP(H9,'GV - SETORES'!A:A,'GV - SETORES'!B:B))) -> Anderson | K9: =IF(A9<0,'CAR PROMAX FILIAL CRUZ'!O3," ") -> -93 | L9: =IF(A9<0,'CAR PROMAX FILIAL CRUZ'!P3," ") -> 46035 | M9: =IF(A9<0,'CAR PROMAX FILIAL CRUZ'!Q3," ") -> 46036 | N9: =IF(A9<0,'CAR PROMAX FILIAL CRUZ'!R3," ") -> 46043 | O9: =IF(A9<0,'CAR PROMAX FILIAL CRUZ'!S3," ") -> 631.69 | P9: =IF(A9<0,'CAR PROMAX FILIAL CRUZ'!T3," ") -> 631.69 | Q9: =IF(A9<0,'CAR PROMAX FILIAL CRUZ'!U3," ") -> 760.55 | R9: =IF(A9<0,'CAR PROMAX FILIAL CRUZ'!V3," ") -> 3612006784
A10: ='CAR PROMAX FILIAL CRUZ'!O4 -> -88 | B10: =IF(K10<0,IF(K10>-31,"INAD.",IF(K10>-76,"IREC.","PDD"))," ") -> PDD | C10: =IF(K10<0,IF(K10>-16,"RN",IF(K10>-46,"GV","GC"))," ") -> GC | D10: =IF(A10<0,'CAR PROMAX FILIAL CRUZ'!B4," ") -> 576 | E10: =IF(A10<0,'CAR PROMAX FILIAL CRUZ'!C4," ") -> ROCK VARIEDADES JUR | F10: =IF(A10<0,'CAR PROMAX FILIAL CRUZ'!D4," ") -> 2 | G10: =IF(A10<0,'CAR PROMAX FILIAL CRUZ'!E4," ") -> 80550 | H10: =IF(A10<0,'CAR PROMAX FILIAL CRUZ'!J4," ") -> 101 | I10: =_xlfn.XLOOKUP(H10,'RN - SETORES'!A:A,'RN - SETORES'!B:B) -> Francisco Damilo | J10: =_xlfn.XLOOKUP(C10,'GV - SETORES'!D:D,'GV - SETORES'!E:E,IF(K10>=-45,_xlfn.XLOOKUP(H10,'GV - SETORES'!A:A,'GV - SETORES'!B:B))) -> Anderson | K10: =IF(A10<0,'CAR PROMAX FILIAL CRUZ'!O4," ") -> -88 | L10: =IF(A10<0,'CAR PROMAX FILIAL CRUZ'!P4," ") -> 46041 | M10: =IF(A10<0,'CAR PROMAX FILIAL CRUZ'!Q4," ") -> 46042 | N10: =IF(A10<0,'CAR PROMAX FILIAL CRUZ'!R4," ") -> 46048 | O10: =IF(A10<0,'CAR PROMAX FILIAL CRUZ'!S4," ") -> 300.93 | P10: =IF(A10<0,'CAR PROMAX FILIAL CRUZ'!T4," ") -> 300.93 | Q10: =IF(A10<0,'CAR PROMAX FILIAL CRUZ'!U4," ") -> 359.8 | R10: =IF(A10<0,'CAR PROMAX FILIAL CRUZ'!V4," ") -> 3612006964
A11: ='CAR PROMAX FILIAL CRUZ'!O5 -> -74 | B11: =IF(K11<0,IF(K11>-31,"INAD.",IF(K11>-76,"IREC.","PDD"))," ") -> IREC. | C11: =IF(K11<0,IF(K11>-16,"RN",IF(K11>-46,"GV","GC"))," ") -> GC | D11: =IF(A11<0,'CAR PROMAX FILIAL CRUZ'!B5," ") -> 253 | E11: =IF(A11<0,'CAR PROMAX FILIAL CRUZ'!C5," ") -> PESQUE E PAGUE SAO J | F11: =IF(A11<0,'CAR PROMAX FILIAL CRUZ'!D5," ") -> 2 | G11: =IF(A11<0,'CAR PROMAX FILIAL CRUZ'!E5," ") -> 83008 | H11: =IF(A11<0,'CAR PROMAX FILIAL CRUZ'!J5," ") -> 513 | I11: =_xlfn.XLOOKUP(H11,'RN - SETORES'!A:A,'RN - SETORES'!B:B) -> Jefferson | J11: =_xlfn.XLOOKUP(C11,'GV - SETORES'!D:D,'GV - SETORES'!E:E,IF(K11>=-45,_xlfn.XLOOKUP(H11,'GV - SETORES'!A:A,'GV - SETORES'!B:B))) -> Anderson | K11: =IF(A11<0,'CAR PROMAX FILIAL CRUZ'!O5," ") -> -74 | L11: =IF(A11<0,'CAR PROMAX FILIAL CRUZ'!P5," ") -> 46052 | M11: =IF(A11<0,'CAR PROMAX FILIAL CRUZ'!Q5," ") -> 46053 | N11: =IF(A11<0,'CAR PROMAX FILIAL CRUZ'!R5," ") -> 46062 | O11: =IF(A11<0,'CAR PROMAX FILIAL CRUZ'!S5," ") -> 143.31 | P11: =IF(A11<0,'CAR PROMAX FILIAL CRUZ'!T5," ") -> 143.31 | Q11: =IF(A11<0,'CAR PROMAX FILIAL CRUZ'!U5," ") -> 168 | R11: =IF(A11<0,'CAR PROMAX FILIAL CRUZ'!V5," ") -> 3612007292
A12: ='CAR PROMAX FILIAL CRUZ'!O6 -> -74 | B12: =IF(K12<0,IF(K12>-31,"INAD.",IF(K12>-76,"IREC.","PDD"))," ") -> IREC. | C12: =IF(K12<0,IF(K12>-16,"RN",IF(K12>-46,"GV","GC"))," ") -> GC | D12: =IF(A12<0,'CAR PROMAX FILIAL CRUZ'!B6," ") -> 253 | E12: =IF(A12<0,'CAR PROMAX FILIAL CRUZ'!C6," ") -> PESQUE E PAGUE SAO J | F12: =IF(A12<0,'CAR PROMAX FILIAL CRUZ'!D6," ") -> 2 | G12: =IF(A12<0,'CAR PROMAX FILIAL CRUZ'!E6," ") -> 83009 | H12: =IF(A12<0,'CAR PROMAX FILIAL CRUZ'!J6," ") -> 513 | I12: =_xlfn.XLOOKUP(H12,'RN - SETORES'!A:A,'RN - SETORES'!B:B) -> Jefferson | J12: =_xlfn.XLOOKUP(C12,'GV - SETORES'!D:D,'GV - SETORES'!E:E,IF(K12>=-45,_xlfn.XLOOKUP(H12,'GV - SETORES'!A:A,'GV - SETORES'!B:B))) -> Anderson | K12: =IF(A12<0,'CAR PROMAX FILIAL CRUZ'!O6," ") -> -74 | L12: =IF(A12<0,'CAR PROMAX FILIAL CRUZ'!P6," ") -> 46052 | M12: =IF(A12<0,'CAR PROMAX FILIAL CRUZ'!Q6," ") -> 46053 | N12: =IF(A12<0,'CAR PROMAX FILIAL CRUZ'!R6," ") -> 46062 | O12: =IF(A12<0,'CAR PROMAX FILIAL CRUZ'!S6," ") -> 883.83 | P12: =IF(A12<0,'CAR PROMAX FILIAL CRUZ'!T6," ") -> 883.83 | Q12: =IF(A12<0,'CAR PROMAX FILIAL CRUZ'!U6," ") -> 1036.13 | R12: =IF(A12<0,'CAR PROMAX FILIAL CRUZ'!V6," ") -> 3612007293
A13: ='CAR PROMAX FILIAL CRUZ'!O7 -> -67 | B13: =IF(K13<0,IF(K13>-31,"INAD.",IF(K13>-76,"IREC.","PDD"))," ") -> IREC. | C13: =IF(K13<0,IF(K13>-16,"RN",IF(K13>-46,"GV","GC"))," ") -> GC | D13: =IF(A13<0,'CAR PROMAX FILIAL CRUZ'!B7," ") -> 253 | E13: =IF(A13<0,'CAR PROMAX FILIAL CRUZ'!C7," ") -> PESQUE E PAGUE SAO J | F13: =IF(A13<0,'CAR PROMAX FILIAL CRUZ'!D7," ") -> 2 | G13: =IF(A13<0,'CAR PROMAX FILIAL CRUZ'!E7," ") -> 84202 | H13: =IF(A13<0,'CAR PROMAX FILIAL CRUZ'!J7," ") -> 513 | I13: =_xlfn.XLOOKUP(H13,'RN - SETORES'!A:A,'RN - SETORES'!B:B) -> Jefferson | J13: =_xlfn.XLOOKUP(C13,'GV - SETORES'!D:D,'GV - SETORES'!E:E,IF(K13>=-45,_xlfn.XLOOKUP(H13,'GV - SETORES'!A:A,'GV - SETORES'!B:B))) -> Anderson | K13: =IF(A13<0,'CAR PROMAX FILIAL CRUZ'!O7," ") -> -67 | L13: =IF(A13<0,'CAR PROMAX FILIAL CRUZ'!P7," ") -> 46059 | M13: =IF(A13<0,'CAR PROMAX FILIAL CRUZ'!Q7," ") -> 46060 | N13: =IF(A13<0,'CAR PROMAX FILIAL CRUZ'!R7," ") -> 46069 | O13: =IF(A13<0,'CAR PROMAX FILIAL CRUZ'!S7," ") -> 827.03 | P13: =IF(A13<0,'CAR PROMAX FILIAL CRUZ'!T7," ") -> 827.03 | Q13: =IF(A13<0,'CAR PROMAX FILIAL CRUZ'!U7," ") -> 959.9 | R13: =IF(A13<0,'CAR PROMAX FILIAL CRUZ'!V7," ") -> 3612007481
A14: ='CAR PROMAX FILIAL CRUZ'!O8 -> -65 | B14: =IF(K14<0,IF(K14>-31,"INAD.",IF(K14>-76,"IREC.","PDD"))," ") -> IREC. | C14: =IF(K14<0,IF(K14>-16,"RN",IF(K14>-46,"GV","GC"))," ") -> GC | D14: =IF(A14<0,'CAR PROMAX FILIAL CRUZ'!B8," ") -> 3898 | E14: =IF(A14<0,'CAR PROMAX FILIAL CRUZ'!C8," ") -> ROTA DO SABOR | F14: =IF(A14<0,'CAR PROMAX FILIAL CRUZ'!D8," ") -> 2 | G14: =IF(A14<0,'CAR PROMAX FILIAL CRUZ'!E8," ") -> 85694 | H14: =IF(A14<0,'CAR PROMAX FILIAL CRUZ'!J8," ") -> 104 | I14: =_xlfn.XLOOKUP(H14,'RN - SETORES'!A:A,'RN - SETORES'!B:B) -> Neto | J14: =_xlfn.XLOOKUP(C14,'GV - SETORES'!D:D,'GV - SETORES'!E:E,IF(K14>=-45,_xlfn.XLOOKUP(H14,'GV - SETORES'!A:A,'GV - SETORES'!B:B))) -> Anderson | K14: =IF(A14<0,'CAR PROMAX FILIAL CRUZ'!O8," ") -> -65 | L14: =IF(A14<0,'CAR PROMAX FILIAL CRUZ'!P8," ") -> 46066 | M14: =IF(A14<0,'CAR PROMAX FILIAL CRUZ'!Q8," ") -> 46067 | N14: =IF(A14<0,'CAR PROMAX FILIAL CRUZ'!R8," ") -> 46071 | O14: =IF(A14<0,'CAR PROMAX FILIAL CRUZ'!S8," ") -> 213.61 | P14: =IF(A14<0,'CAR PROMAX FILIAL CRUZ'!T8," ") -> 213.61 | Q14: =IF(A14<0,'CAR PROMAX FILIAL CRUZ'!U8," ") -> 247.21 | R14: =IF(A14<0,'CAR PROMAX FILIAL CRUZ'!V8," ") -> 3612007713
A15: ='CAR PROMAX FILIAL CRUZ'!O9 -> -56 | B15: =IF(K15<0,IF(K15>-31,"INAD.",IF(K15>-76,"IREC.","PDD"))," ") -> IREC. | C15: =IF(K15<0,IF(K15>-16,"RN",IF(K15>-46,"GV","GC"))," ") -> GC | D15: =IF(A15<0,'CAR PROMAX FILIAL CRUZ'!B9," ") -> 3581 | E15: =IF(A15<0,'CAR PROMAX FILIAL CRUZ'!C9," ") -> ADEGA BAR | F15: =IF(A15<0,'CAR PROMAX FILIAL CRUZ'!D9," ") -> 2 | G15: =IF(A15<0,'CAR PROMAX FILIAL CRUZ'!E9," ") -> 86353 | H15: =IF(A15<0,'CAR PROMAX FILIAL CRUZ'!J9," ") -> 102 | I15: =_xlfn.XLOOKUP(H15,'RN - SETORES'!A:A,'RN - SETORES'!B:B) -> Francisco | J15: =_xlfn.XLOOKUP(C15,'GV - SETORES'!D:D,'GV - SETORES'!E:E,IF(K15>=-45,_xlfn.XLOOKUP(H15,'GV - SETORES'!A:A,'GV - SETORES'!B:B))) -> Anderson | K15: =IF(A15<0,'CAR PROMAX FILIAL CRUZ'!O9," ") -> -56 | L15: =IF(A15<0,'CAR PROMAX FILIAL CRUZ'!P9," ") -> 46072 | M15: =IF(A15<0,'CAR PROMAX FILIAL CRUZ'!Q9," ") -> 46073 | N15: =IF(A15<0,'CAR PROMAX FILIAL CRUZ'!R9," ") -> 46080 | O15: =IF(A15<0,'CAR PROMAX FILIAL CRUZ'!S9," ") -> 392.88 | P15: =IF(A15<0,'CAR PROMAX FILIAL CRUZ'!T9," ") -> 392.88 | Q15: =IF(A15<0,'CAR PROMAX FILIAL CRUZ'!U9," ") -> 448.79 | R15: =IF(A15<0,'CAR PROMAX FILIAL CRUZ'!V9," ") -> 3612007801
A16: ='CAR PROMAX FILIAL CRUZ'!O10 -> -56 | B16: =IF(K16<0,IF(K16>-31,"INAD.",IF(K16>-76,"IREC.","PDD"))," ") -> IREC. | C16: =IF(K16<0,IF(K16>-16,"RN",IF(K16>-46,"GV","GC"))," ") -> GC | D16: =IF(A16<0,'CAR PROMAX FILIAL CRUZ'!B10," ") -> 3581 | E16: =IF(A16<0,'CAR PROMAX FILIAL CRUZ'!C10," ") -> ADEGA BAR | F16: =IF(A16<0,'CAR PROMAX FILIAL CRUZ'!D10," ") -> 2 | G16: =IF(A16<0,'CAR PROMAX FILIAL CRUZ'!E10," ") -> 86354 | H16: =IF(A16<0,'CAR PROMAX FILIAL CRUZ'!J10," ") -> 102 | I16: =_xlfn.XLOOKUP(H16,'RN - SETORES'!A:A,'RN - SETORES'!B:B) -> Francisco | J16: =_xlfn.XLOOKUP(C16,'GV - SETORES'!D:D,'GV - SETORES'!E:E,IF(K16>=-45,_xlfn.XLOOKUP(H16,'GV - SETORES'!A:A,'GV - SETORES'!B:B))) -> Anderson | K16: =IF(A16<0,'CAR PROMAX FILIAL CRUZ'!O10," ") -> -56 | L16: =IF(A16<0,'CAR PROMAX FILIAL CRUZ'!P10," ") -> 46072 | M16: =IF(A16<0,'CAR PROMAX FILIAL CRUZ'!Q10," ") -> 46073 | N16: =IF(A16<0,'CAR PROMAX FILIAL CRUZ'!R10," ") -> 46080 | O16: =IF(A16<0,'CAR PROMAX FILIAL CRUZ'!S10," ") -> 509.94 | P16: =IF(A16<0,'CAR PROMAX FILIAL CRUZ'!T10," ") -> 509.94 | Q16: =IF(A16<0,'CAR PROMAX FILIAL CRUZ'!U10," ") -> 582.51 | R16: =IF(A16<0,'CAR PROMAX FILIAL CRUZ'!V10," ") -> 3612007802
A17: ='CAR PROMAX FILIAL CRUZ'!O11 -> -52 | B17: =IF(K17<0,IF(K17>-31,"INAD.",IF(K17>-76,"IREC.","PDD"))," ") -> IREC. | C17: =IF(K17<0,IF(K17>-16,"RN",IF(K17>-46,"GV","GC"))," ") -> GC | D17: =IF(A17<0,'CAR PROMAX FILIAL CRUZ'!B11," ") -> 2977 | E17: =IF(A17<0,'CAR PROMAX FILIAL CRUZ'!C11," ") -> TRE CRAZY | F17: =IF(A17<0,'CAR PROMAX FILIAL CRUZ'!D11," ") -> 2 | G17: =IF(A17<0,'CAR PROMAX FILIAL CRUZ'!E11," ") -> 86678 | H17: =IF(A17<0,'CAR PROMAX FILIAL CRUZ'!J11," ") -> 515 | I17: =_xlfn.XLOOKUP(H17,'RN - SETORES'!A:A,'RN - SETORES'!B:B) -> Jose | J17: =_xlfn.XLOOKUP(C17,'GV - SETORES'!D:D,'GV - SETORES'!E:E,IF(K17>=-45,_xlfn.XLOOKUP(H17,'GV - SETORES'!A:A,'GV - SETORES'!B:B))) -> Anderson | K17: =IF(A17<0,'CAR PROMAX FILIAL CRUZ'!O11," ") -> -52 | L17: =IF(A17<0,'CAR PROMAX FILIAL CRUZ'!P11," ") -> 46076 | M17: =IF(A17<0,'CAR PROMAX FILIAL CRUZ'!Q11," ") -> 46077 | N17: =IF(A17<0,'CAR PROMAX FILIAL CRUZ'!R11," ") -> 46084 | O17: =IF(A17<0,'CAR PROMAX FILIAL CRUZ'!S11," ") -> 900.3 | P17: =IF(A17<0,'CAR PROMAX FILIAL CRUZ'!T11," ") -> 900.3 | Q17: =IF(A17<0,'CAR PROMAX FILIAL CRUZ'!U11," ") -> 1022.43 | R17: =IF(A17<0,'CAR PROMAX FILIAL CRUZ'!V11," ") -> 3612007844
A18: ='CAR PROMAX FILIAL CRUZ'!O12 -> -44 | B18: =IF(K18<0,IF(K18>-31,"INAD.",IF(K18>-76,"IREC.","PDD"))," ") -> IREC. | C18: =IF(K18<0,IF(K18>-16,"RN",IF(K18>-46,"GV","GC"))," ") -> GV | D18: =IF(A18<0,'CAR PROMAX FILIAL CRUZ'!B12," ") -> 3322 | E18: =IF(A18<0,'CAR PROMAX FILIAL CRUZ'!C12," ") -> PIZZARIA O ZEZINHO | F18: =IF(A18<0,'CAR PROMAX FILIAL CRUZ'!D12," ") -> 2 | G18: =IF(A18<0,'CAR PROMAX FILIAL CRUZ'!E12," ") -> 88274 | H18: =IF(A18<0,'CAR PROMAX FILIAL CRUZ'!J12," ") -> 101 | I18: =_xlfn.XLOOKUP(H18,'RN - SETORES'!A:A,'RN - SETORES'!B:B) -> Francisco Damilo | J18: =_xlfn.XLOOKUP(C18,'GV - SETORES'!D:D,'GV - SETORES'!E:E,IF(K18>=-45,_xlfn.XLOOKUP(H18,'GV - SETORES'!A:A,'GV - SETORES'!B:B))) -> Fredson | K18: =IF(A18<0,'CAR PROMAX FILIAL CRUZ'!O12," ") -> -44 | L18: =IF(A18<0,'CAR PROMAX FILIAL CRUZ'!P12," ") -> 46084 | M18: =IF(A18<0,'CAR PROMAX FILIAL CRUZ'!Q12," ") -> 46085 | N18: =IF(A18<0,'CAR PROMAX FILIAL CRUZ'!R12," ") -> 46092 | O18: =IF(A18<0,'CAR PROMAX FILIAL CRUZ'!S12," ") -> 304.13 | P18: =IF(A18<0,'CAR PROMAX FILIAL CRUZ'!T12," ") -> 304.13 | Q18: =IF(A18<0,'CAR PROMAX FILIAL CRUZ'!U12," ") -> 341.33 | R18: =IF(A18<0,'CAR PROMAX FILIAL CRUZ'!V12," ") -> 3612008105
A19: ='CAR PROMAX FILIAL CRUZ'!O13 -> -35 | B19: =IF(K19<0,IF(K19>-31,"INAD.",IF(K19>-76,"IREC.","PDD"))," ") -> IREC. | C19: =IF(K19<0,IF(K19>-16,"RN",IF(K19>-46,"GV","GC"))," ") -> GV | D19: =IF(A19<0,'CAR PROMAX FILIAL CRUZ'!B13," ") -> 3055 | E19: =IF(A19<0,'CAR PROMAX FILIAL CRUZ'!C13," ") -> Buteco dos amigos | F19: =IF(A19<0,'CAR PROMAX FILIAL CRUZ'!D13," ") -> 2 | G19: =IF(A19<0,'CAR PROMAX FILIAL CRUZ'!E13," ") -> 89621 | H19: =IF(A19<0,'CAR PROMAX FILIAL CRUZ'!J13," ") -> 514 | I19: =_xlfn.XLOOKUP(H19,'RN - SETORES'!A:A,'RN - SETORES'!B:B) -> Juan | J19: =_xlfn.XLOOKUP(C19,'GV - SETORES'!D:D,'GV - SETORES'!E:E,IF(K19>=-45,_xlfn.XLOOKUP(H19,'GV - SETORES'!A:A,'GV - SETORES'!B:B))) -> Jaissa | K19: =IF(A19<0,'CAR PROMAX FILIAL CRUZ'!O13," ") -> -35 | L19: =IF(A19<0,'CAR PROMAX FILIAL CRUZ'!P13," ") -> 46093 | M19: =IF(A19<0,'CAR PROMAX FILIAL CRUZ'!Q13," ") -> 46094 | N19: =IF(A19<0,'CAR PROMAX FILIAL CRUZ'!R13," ") -> 46101 | O19: =IF(A19<0,'CAR PROMAX FILIAL CRUZ'!S13," ") -> 622.85 | P19: =IF(A19<0,'CAR PROMAX FILIAL CRUZ'!T13," ") -> 622.85 | Q19: =IF(A19<0,'CAR PROMAX FILIAL CRUZ'!U13," ") -> 689.69 | R19: =IF(A19<0,'CAR PROMAX FILIAL CRUZ'!V13," ") -> 3612008353
... A36: ='CAR PROMAX FILIAL CRUZ'!O30 -> -1 | B36: =IF(K36<0,IF(K36>-31,"INAD.",IF(K36>-76,"IREC.","PDD"))," ") -> INAD. | C36: =IF(K36<0,IF(K36>-16,"RN",IF(K36>-46,"GV","GC"))," ") -> RN | D36: =IF(A36<0,'CAR PROMAX FILIAL CRUZ'!B30," ") -> 3459 | E36: =IF(A36<0,'CAR PROMAX FILIAL CRUZ'!C30," ") -> MERCADINHO MINI PREC | F36: =IF(A36<0,'CAR PROMAX FILIAL CRUZ'!D30," ") -> 2 | G36: =IF(A36<0,'CAR PROMAX FILIAL CRUZ'!E30," ") -> 95096 | H36: =IF(A36<0,'CAR PROMAX FILIAL CRUZ'!J30," ") -> 104 | I36: =_xlfn.XLOOKUP(H36,'RN - SETORES'!A:A,'RN - SETORES'!B:B) -> Neto | J36: =_xlfn.XLOOKUP(C36,'GV - SETORES'!D:D,'GV - SETORES'!E:E,IF(K36>=-45,_xlfn.XLOOKUP(H36,'GV - SETORES'!A:A,'GV - SETORES'!B:B))) -> Fredson | K36: =IF(A36<0,'CAR PROMAX FILIAL CRUZ'!O30," ") -> -1 | L36: =IF(A36<0,'CAR PROMAX FILIAL CRUZ'!P30," ") -> 46127 | M36: =IF(A36<0,'CAR PROMAX FILIAL CRUZ'!Q30," ") -> 46128 | N36: =IF(A36<0,'CAR PROMAX FILIAL CRUZ'!R30," ") -> 46135 | O36: =IF(A36<0,'CAR PROMAX FILIAL CRUZ'!S30," ") -> 336.22 | P36: =IF(A36<0,'CAR PROMAX FILIAL CRUZ'!T30," ") -> 336.22 | Q36: =IF(A36<0,'CAR PROMAX FILIAL CRUZ'!U30," ") -> 353.25 | R36: =IF(A36<0,'CAR PROMAX FILIAL CRUZ'!V30," ") -> 3612009142
A37: ='CAR PROMAX FILIAL CRUZ'!O31 -> 0 | B37: =IF(K37<0,IF(K37>-31,"INAD.",IF(K37>-76,"IREC.","PDD"))," ") | C37: =IF(K37<0,IF(K37>-16,"RN",IF(K37>-46,"GV","GC"))," ") | D37: =IF(A37<0,'CAR PROMAX FILIAL CRUZ'!B31," ") | E37: =IF(A37<0,'CAR PROMAX FILIAL CRUZ'!C31," ") | F37: =IF(A37<0,'CAR PROMAX FILIAL CRUZ'!D31," ") | G37: =IF(A37<0,'CAR PROMAX FILIAL CRUZ'!E31," ") | H37: =IF(A37<0,'CAR PROMAX FILIAL CRUZ'!J31," ") | K37: =IF(A37<0,'CAR PROMAX FILIAL CRUZ'!O31," ") | L37: =IF(A37<0,'CAR PROMAX FILIAL CRUZ'!P31," ") | M37: =IF(A37<0,'CAR PROMAX FILIAL CRUZ'!Q31," ") | N37: =IF(A37<0,'CAR PROMAX FILIAL CRUZ'!R31," ") | O37: =IF(A37<0,'CAR PROMAX FILIAL CRUZ'!S31," ") | P37: =IF(A37<0,'CAR PROMAX FILIAL CRUZ'!T31," ") | Q37: =IF(A37<0,'CAR PROMAX FILIAL CRUZ'!U31," ") | R37: =IF(A37<0,'CAR PROMAX FILIAL CRUZ'!V31," ")
A38: ='CAR PROMAX FILIAL CRUZ'!O32 -> 0 | B38: =IF(K38<0,IF(K38>-31,"INAD.",IF(K38>-76,"IREC.","PDD"))," ") | C38: =IF(K38<0,IF(K38>-16,"RN",IF(K38>-46,"GV","GC"))," ") | D38: =IF(A38<0,'CAR PROMAX FILIAL CRUZ'!B32," ") | E38: =IF(A38<0,'CAR PROMAX FILIAL CRUZ'!C32," ") | F38: =IF(A38<0,'CAR PROMAX FILIAL CRUZ'!D32," ") | G38: =IF(A38<0,'CAR PROMAX FILIAL CRUZ'!E32," ") | H38: =IF(A38<0,'CAR PROMAX FILIAL CRUZ'!J32," ") | K38: =IF(A38<0,'CAR PROMAX FILIAL CRUZ'!O32," ") | L38: =IF(A38<0,'CAR PROMAX FILIAL CRUZ'!P32," ") | M38: =IF(A38<0,'CAR PROMAX FILIAL CRUZ'!Q32," ") | N38: =IF(A38<0,'CAR PROMAX FILIAL CRUZ'!R32," ") | O38: =IF(A38<0,'CAR PROMAX FILIAL CRUZ'!S32," ") | P38: =IF(A38<0,'CAR PROMAX FILIAL CRUZ'!T32," ") | Q38: =IF(A38<0,'CAR PROMAX FILIAL CRUZ'!U32," ") | R38: =IF(A38<0,'CAR PROMAX FILIAL CRUZ'!V32," ")
A39: ='CAR PROMAX FILIAL CRUZ'!O33 -> 0 | B39: =IF(K39<0,IF(K39>-31,"INAD.",IF(K39>-76,"IREC.","PDD"))," ") | C39: =IF(K39<0,IF(K39>-16,"RN",IF(K39>-46,"GV","GC"))," ") | D39: =IF(A39<0,'CAR PROMAX FILIAL CRUZ'!B33," ") | E39: =IF(A39<0,'CAR PROMAX FILIAL CRUZ'!C33," ") | F39: =IF(A39<0,'CAR PROMAX FILIAL CRUZ'!D33," ") | G39: =IF(A39<0,'CAR PROMAX FILIAL CRUZ'!E33," ") | H39: =IF(A39<0,'CAR PROMAX FILIAL CRUZ'!J33," ") | K39: =IF(A39<0,'CAR PROMAX FILIAL CRUZ'!O33," ") | L39: =IF(A39<0,'CAR PROMAX FILIAL CRUZ'!P33," ") | M39: =IF(A39<0,'CAR PROMAX FILIAL CRUZ'!Q33," ") | N39: =IF(A39<0,'CAR PROMAX FILIAL CRUZ'!R33," ") | O39: =IF(A39<0,'CAR PROMAX FILIAL CRUZ'!S33," ") | P39: =IF(A39<0,'CAR PROMAX FILIAL CRUZ'!T33," ") | Q39: =IF(A39<0,'CAR PROMAX FILIAL CRUZ'!U33," ") | R39: =IF(A39<0,'CAR PROMAX FILIAL CRUZ'!V33," ")
A40: ='CAR PROMAX FILIAL CRUZ'!O34 -> 0 | B40: =IF(K40<0,IF(K40>-31,"INAD.",IF(K40>-76,"IREC.","PDD"))," ") | C40: =IF(K40<0,IF(K40>-16,"RN",IF(K40>-46,"GV","GC"))," ") | D40: =IF(A40<0,'CAR PROMAX FILIAL CRUZ'!B34," ") | E40: =IF(A40<0,'CAR PROMAX FILIAL CRUZ'!C34," ") | F40: =IF(A40<0,'CAR PROMAX FILIAL CRUZ'!D34," ") | G40: =IF(A40<0,'CAR PROMAX FILIAL CRUZ'!E34," ") | H40: =IF(A40<0,'CAR PROMAX FILIAL CRUZ'!J34," ") | K40: =IF(A40<0,'CAR PROMAX FILIAL CRUZ'!O34," ") | L40: =IF(A40<0,'CAR PROMAX FILIAL CRUZ'!P34," ") | M40: =IF(A40<0,'CAR PROMAX FILIAL CRUZ'!Q34," ") | N40: =IF(A40<0,'CAR PROMAX FILIAL CRUZ'!R34," ") | O40: =IF(A40<0,'CAR PROMAX FILIAL CRUZ'!S34," ") | P40: =IF(A40<0,'CAR PROMAX FILIAL CRUZ'!T34," ") | Q40: =IF(A40<0,'CAR PROMAX FILIAL CRUZ'!U34," ") | R40: =IF(A40<0,'CAR PROMAX FILIAL CRUZ'!V34," ")
A41: ='CAR PROMAX FILIAL CRUZ'!O35 -> 0 | B41: =IF(K41<0,IF(K41>-31,"INAD.",IF(K41>-76,"IREC.","PDD"))," ") | C41: =IF(K41<0,IF(K41>-16,"RN",IF(K41>-46,"GV","GC"))," ") | D41: =IF(A41<0,'CAR PROMAX FILIAL CRUZ'!B35," ") | E41: =IF(A41<0,'CAR PROMAX FILIAL CRUZ'!C35," ") | F41: =IF(A41<0,'CAR PROMAX FILIAL CRUZ'!D35," ") | G41: =IF(A41<0,'CAR PROMAX FILIAL CRUZ'!E35," ") | H41: =IF(A41<0,'CAR PROMAX FILIAL CRUZ'!J35," ") | K41: =IF(A41<0,'CAR PROMAX FILIAL CRUZ'!O35," ") | L41: =IF(A41<0,'CAR PROMAX FILIAL CRUZ'!P35," ") | M41: =IF(A41<0,'CAR PROMAX FILIAL CRUZ'!Q35," ") | N41: =IF(A41<0,'CAR PROMAX FILIAL CRUZ'!R35," ") | O41: =IF(A41<0,'CAR PROMAX FILIAL CRUZ'!S35," ") | P41: =IF(A41<0,'CAR PROMAX FILIAL CRUZ'!T35," ") | Q41: =IF(A41<0,'CAR PROMAX FILIAL CRUZ'!U35," ") | R41: =IF(A41<0,'CAR PROMAX FILIAL CRUZ'!V35," ")
A42: ='CAR PROMAX FILIAL CRUZ'!O36 -> 0 | B42: =IF(K42<0,IF(K42>-31,"INAD.",IF(K42>-76,"IREC.","PDD"))," ") | C42: =IF(K42<0,IF(K42>-16,"RN",IF(K42>-46,"GV","GC"))," ") | D42: =IF(A42<0,'CAR PROMAX FILIAL CRUZ'!B36," ") | E42: =IF(A42<0,'CAR PROMAX FILIAL CRUZ'!C36," ") | F42: =IF(A42<0,'CAR PROMAX FILIAL CRUZ'!D36," ") | G42: =IF(A42<0,'CAR PROMAX FILIAL CRUZ'!E36," ") | H42: =IF(A42<0,'CAR PROMAX FILIAL CRUZ'!J36," ") | K42: =IF(A42<0,'CAR PROMAX FILIAL CRUZ'!O36," ") | L42: =IF(A42<0,'CAR PROMAX FILIAL CRUZ'!P36," ") | M42: =IF(A42<0,'CAR PROMAX FILIAL CRUZ'!Q36," ") | N42: =IF(A42<0,'CAR PROMAX FILIAL CRUZ'!R36," ") | O42: =IF(A42<0,'CAR PROMAX FILIAL CRUZ'!S36," ") | P42: =IF(A42<0,'CAR PROMAX FILIAL CRUZ'!T36," ") | Q42: =IF(A42<0,'CAR PROMAX FILIAL CRUZ'!U36," ") | R42: =IF(A42<0,'CAR PROMAX FILIAL CRUZ'!V36," ")
A43: ='CAR PROMAX FILIAL CRUZ'!O37 -> 0 | B43: =IF(K43<0,IF(K43>-31,"INAD.",IF(K43>-76,"IREC.","PDD"))," ") | C43: =IF(K43<0,IF(K43>-16,"RN",IF(K43>-46,"GV","GC"))," ") | D43: =IF(A43<0,'CAR PROMAX FILIAL CRUZ'!B37," ") | E43: =IF(A43<0,'CAR PROMAX FILIAL CRUZ'!C37," ") | F43: =IF(A43<0,'CAR PROMAX FILIAL CRUZ'!D37," ") | G43: =IF(A43<0,'CAR PROMAX FILIAL CRUZ'!E37," ") | H43: =IF(A43<0,'CAR PROMAX FILIAL CRUZ'!J37," ") | K43: =IF(A43<0,'CAR PROMAX FILIAL CRUZ'!O37," ") | L43: =IF(A43<0,'CAR PROMAX FILIAL CRUZ'!P37," ") | M43: =IF(A43<0,'CAR PROMAX FILIAL CRUZ'!Q37," ") | N43: =IF(A43<0,'CAR PROMAX FILIAL CRUZ'!R37," ") | O43: =IF(A43<0,'CAR PROMAX FILIAL CRUZ'!S37," ") | P43: =IF(A43<0,'CAR PROMAX FILIAL CRUZ'!T37," ") | Q43: =IF(A43<0,'CAR PROMAX FILIAL CRUZ'!U37," ") | R43: =IF(A43<0,'CAR PROMAX FILIAL CRUZ'!V37," ")
A44: ='CAR PROMAX FILIAL CRUZ'!O38 -> 0 | B44: =IF(K44<0,IF(K44>-31,"INAD.",IF(K44>-76,"IREC.","PDD"))," ") | C44: =IF(K44<0,IF(K44>-16,"RN",IF(K44>-46,"GV","GC"))," ") | D44: =IF(A44<0,'CAR PROMAX FILIAL CRUZ'!B38," ") | E44: =IF(A44<0,'CAR PROMAX FILIAL CRUZ'!C38," ") | F44: =IF(A44<0,'CAR PROMAX FILIAL CRUZ'!D38," ") | G44: =IF(A44<0,'CAR PROMAX FILIAL CRUZ'!E38," ") | H44: =IF(A44<0,'CAR PROMAX FILIAL CRUZ'!J38," ") | K44: =IF(A44<0,'CAR PROMAX FILIAL CRUZ'!O38," ") | L44: =IF(A44<0,'CAR PROMAX FILIAL CRUZ'!P38," ") | M44: =IF(A44<0,'CAR PROMAX FILIAL CRUZ'!Q38," ") | N44: =IF(A44<0,'CAR PROMAX FILIAL CRUZ'!R38," ") | O44: =IF(A44<0,'CAR PROMAX FILIAL CRUZ'!S38," ") | P44: =IF(A44<0,'CAR PROMAX FILIAL CRUZ'!T38," ") | Q44: =IF(A44<0,'CAR PROMAX FILIAL CRUZ'!U38," ") | R44: =IF(A44<0,'CAR PROMAX FILIAL CRUZ'!V38," ")
A45: ='CAR PROMAX FILIAL CRUZ'!O39 -> 0 | B45: =IF(K45<0,IF(K45>-31,"INAD.",IF(K45>-76,"IREC.","PDD"))," ") | C45: =IF(K45<0,IF(K45>-16,"RN",IF(K45>-46,"GV","GC"))," ") | D45: =IF(A45<0,'CAR PROMAX FILIAL CRUZ'!B39," ") | E45: =IF(A45<0,'CAR PROMAX FILIAL CRUZ'!C39," ") | F45: =IF(A45<0,'CAR PROMAX FILIAL CRUZ'!D39," ") | G45: =IF(A45<0,'CAR PROMAX FILIAL CRUZ'!E39," ") | H45: =IF(A45<0,'CAR PROMAX FILIAL CRUZ'!J39," ") | K45: =IF(A45<0,'CAR PROMAX FILIAL CRUZ'!O39," ") | L45: =IF(A45<0,'CAR PROMAX FILIAL CRUZ'!P39," ") | M45: =IF(A45<0,'CAR PROMAX FILIAL CRUZ'!Q39," ") | N45: =IF(A45<0,'CAR PROMAX FILIAL CRUZ'!R39," ") | O45: =IF(A45<0,'CAR PROMAX FILIAL CRUZ'!S39," ") | P45: =IF(A45<0,'CAR PROMAX FILIAL CRUZ'!T39," ") | Q45: =IF(A45<0,'CAR PROMAX FILIAL CRUZ'!U39," ") | R45: =IF(A45<0,'CAR PROMAX FILIAL CRUZ'!V39," ")
A46: ='CAR PROMAX FILIAL CRUZ'!O40 -> 0 | B46: =IF(K46<0,IF(K46>-31,"INAD.",IF(K46>-76,"IREC.","PDD"))," ") | C46: =IF(K46<0,IF(K46>-16,"RN",IF(K46>-46,"GV","GC"))," ") | D46: =IF(A46<0,'CAR PROMAX FILIAL CRUZ'!B40," ") | E46: =IF(A46<0,'CAR PROMAX FILIAL CRUZ'!C40," ") | F46: =IF(A46<0,'CAR PROMAX FILIAL CRUZ'!D40," ") | G46: =IF(A46<0,'CAR PROMAX FILIAL CRUZ'!E40," ") | H46: =IF(A46<0,'CAR PROMAX FILIAL CRUZ'!J40," ") | K46: =IF(A46<0,'CAR PROMAX FILIAL CRUZ'!O40," ") | L46: =IF(A46<0,'CAR PROMAX FILIAL CRUZ'!P40," ") | M46: =IF(A46<0,'CAR PROMAX FILIAL CRUZ'!Q40," ") | N46: =IF(A46<0,'CAR PROMAX FILIAL CRUZ'!R40," ") | O46: =IF(A46<0,'CAR PROMAX FILIAL CRUZ'!S40," ") | P46: =IF(A46<0,'CAR PROMAX FILIAL CRUZ'!T40," ") | Q46: =IF(A46<0,'CAR PROMAX FILIAL CRUZ'!U40," ") | R46: =IF(A46<0,'CAR PROMAX FILIAL CRUZ'!V40," ")
A47: ='CAR PROMAX FILIAL CRUZ'!O41 -> 0 | B47: =IF(K47<0,IF(K47>-31,"INAD.",IF(K47>-76,"IREC.","PDD"))," ") | C47: =IF(K47<0,IF(K47>-16,"RN",IF(K47>-46,"GV","GC"))," ") | D47: =IF(A47<0,'CAR PROMAX FILIAL CRUZ'!B41," ") | E47: =IF(A47<0,'CAR PROMAX FILIAL CRUZ'!C41," ") | F47: =IF(A47<0,'CAR PROMAX FILIAL CRUZ'!D41," ") | G47: =IF(A47<0,'CAR PROMAX FILIAL CRUZ'!E41," ") | H47: =IF(A47<0,'CAR PROMAX FILIAL CRUZ'!J41," ") | K47: =IF(A47<0,'CAR PROMAX FILIAL CRUZ'!O41," ") | L47: =IF(A47<0,'CAR PROMAX FILIAL CRUZ'!P41," ") | M47: =IF(A47<0,'CAR PROMAX FILIAL CRUZ'!Q41," ") | N47: =IF(A47<0,'CAR PROMAX FILIAL CRUZ'!R41," ") | O47: =IF(A47<0,'CAR PROMAX FILIAL CRUZ'!S41," ") | P47: =IF(A47<0,'CAR PROMAX FILIAL CRUZ'!T41," ") | Q47: =IF(A47<0,'CAR PROMAX FILIAL CRUZ'!U41," ") | R47: =IF(A47<0,'CAR PROMAX FILIAL CRUZ'!V41," ")
A48: ='CAR PROMAX FILIAL CRUZ'!O42 -> 0 | B48: =IF(K48<0,IF(K48>-31,"INAD.",IF(K48>-76,"IREC.","PDD"))," ") | C48: =IF(K48<0,IF(K48>-16,"RN",IF(K48>-46,"GV","GC"))," ") | D48: =IF(A48<0,'CAR PROMAX FILIAL CRUZ'!B42," ") | E48: =IF(A48<0,'CAR PROMAX FILIAL CRUZ'!C42," ") | F48: =IF(A48<0,'CAR PROMAX FILIAL CRUZ'!D42," ") | G48: =IF(A48<0,'CAR PROMAX FILIAL CRUZ'!E42," ") | H48: =IF(A48<0,'CAR PROMAX FILIAL CRUZ'!J42," ") | K48: =IF(A48<0,'CAR PROMAX FILIAL CRUZ'!O42," ") | L48: =IF(A48<0,'CAR PROMAX FILIAL CRUZ'!P42," ") | M48: =IF(A48<0,'CAR PROMAX FILIAL CRUZ'!Q42," ") | N48: =IF(A48<0,'CAR PROMAX FILIAL CRUZ'!R42," ") | O48: =IF(A48<0,'CAR PROMAX FILIAL CRUZ'!S42," ") | P48: =IF(A48<0,'CAR PROMAX FILIAL CRUZ'!T42," ") | Q48: =IF(A48<0,'CAR PROMAX FILIAL CRUZ'!U42," ") | R48: =IF(A48<0,'CAR PROMAX FILIAL CRUZ'!V42," ")
... A77: ='CAR PROMAX FILIAL CRUZ'!O71 -> 3 | B77: =IF(K77<0,IF(K77>-31,"INAD.",IF(K77>-76,"IREC.","PDD"))," ") | C77: =IF(K77<0,IF(K77>-16,"RN",IF(K77>-46,"GV","GC"))," ") | D77: =IF(A77<0,'CAR PROMAX FILIAL CRUZ'!B71," ") | E77: =IF(A77<0,'CAR PROMAX FILIAL CRUZ'!C71," ") | F77: =IF(A77<0,'CAR PROMAX FILIAL CRUZ'!D71," ") | G77: =IF(A77<0,'CAR PROMAX FILIAL CRUZ'!E71," ") | H77: =IF(A77<0,'CAR PROMAX FILIAL CRUZ'!J71," ") | K77: =IF(A77<0,'CAR PROMAX FILIAL CRUZ'!O71," ") | L77: =IF(A77<0,'CAR PROMAX FILIAL CRUZ'!P71," ") | M77: =IF(A77<0,'CAR PROMAX FILIAL CRUZ'!Q71," ") | N77: =IF(A77<0,'CAR PROMAX FILIAL CRUZ'!R71," ") | O77: =IF(A77<0,'CAR PROMAX FILIAL CRUZ'!S71," ") | P77: =IF(A77<0,'CAR PROMAX FILIAL CRUZ'!T71," ") | Q77: =IF(A77<0,'CAR PROMAX FILIAL CRUZ'!U71," ") | R77: =IF(A77<0,'CAR PROMAX FILIAL CRUZ'!V71," ")
A78: ='CAR PROMAX FILIAL CRUZ'!O72 -> 3 | B78: =IF(K78<0,IF(K78>-31,"INAD.",IF(K78>-75,"IREC.","PDD"))," ") | C78: =IF(K78<0,IF(K78>-16,"RN",IF(K78>-46,"GV","GC"))," ") | D78: =IF(A78<0,'CAR PROMAX FILIAL CRUZ'!B72," ") | E78: =IF(A78<0,'CAR PROMAX FILIAL CRUZ'!C72," ") | F78: =IF(A78<0,'CAR PROMAX FILIAL CRUZ'!D72," ") | G78: =IF(A78<0,'CAR PROMAX FILIAL CRUZ'!E72," ") | H78: =IF(A78<0,'CAR PROMAX FILIAL CRUZ'!J72," ") | K78: =IF(A78<0,'CAR PROMAX FILIAL CRUZ'!O72," ") | L78: =IF(A78<0,'CAR PROMAX FILIAL CRUZ'!P72," ") | M78: =IF(A78<0,'CAR PROMAX FILIAL CRUZ'!Q72," ") | N78: =IF(A78<0,'CAR PROMAX FILIAL CRUZ'!R72," ") | O78: =IF(A78<0,'CAR PROMAX FILIAL CRUZ'!S72," ") | P78: =IF(A78<0,'CAR PROMAX FILIAL CRUZ'!T72," ") | Q78: =IF(A78<0,'CAR PROMAX FILIAL CRUZ'!U72," ") | R78: =IF(A78<0,'CAR PROMAX FILIAL CRUZ'!V72," ")
A79: ='CAR PROMAX FILIAL CRUZ'!O73 -> 3 | B79: =IF(K79<0,IF(K79>-31,"INAD.",IF(K79>-75,"IREC.","PDD"))," ") | C79: =IF(K79<0,IF(K79>-16,"RN",IF(K79>-46,"GV","GC"))," ") | D79: =IF(A79<0,'CAR PROMAX FILIAL CRUZ'!B73," ") | E79: =IF(A79<0,'CAR PROMAX FILIAL CRUZ'!C73," ") | F79: =IF(A79<0,'CAR PROMAX FILIAL CRUZ'!D73," ") | G79: =IF(A79<0,'CAR PROMAX FILIAL CRUZ'!E73," ") | H79: =IF(A79<0,'CAR PROMAX FILIAL CRUZ'!J73," ") | K79: =IF(A79<0,'CAR PROMAX FILIAL CRUZ'!O73," ") | L79: =IF(A79<0,'CAR PROMAX FILIAL CRUZ'!P73," ") | M79: =IF(A79<0,'CAR PROMAX FILIAL CRUZ'!Q73," ") | N79: =IF(A79<0,'CAR PROMAX FILIAL CRUZ'!R73," ") | O79: =IF(A79<0,'CAR PROMAX FILIAL CRUZ'!S73," ") | P79: =IF(A79<0,'CAR PROMAX FILIAL CRUZ'!T73," ") | Q79: =IF(A79<0,'CAR PROMAX FILIAL CRUZ'!U73," ") | R79: =IF(A79<0,'CAR PROMAX FILIAL CRUZ'!V73," ")
A80: ='CAR PROMAX FILIAL CRUZ'!O74 -> 3 | B80: =IF(K80<0,IF(K80>-31,"INAD.",IF(K80>-75,"IREC.","PDD"))," ") | C80: =IF(K80<0,IF(K80>-16,"RN",IF(K80>-46,"GV","GC"))," ") | D80: =IF(A80<0,'CAR PROMAX FILIAL CRUZ'!B74," ") | E80: =IF(A80<0,'CAR PROMAX FILIAL CRUZ'!C74," ") | F80: =IF(A80<0,'CAR PROMAX FILIAL CRUZ'!D74," ") | G80: =IF(A80<0,'CAR PROMAX FILIAL CRUZ'!E74," ") | H80: =IF(A80<0,'CAR PROMAX FILIAL CRUZ'!J74," ") | K80: =IF(A80<0,'CAR PROMAX FILIAL CRUZ'!O74," ") | L80: =IF(A80<0,'CAR PROMAX FILIAL CRUZ'!P74," ") | M80: =IF(A80<0,'CAR PROMAX FILIAL CRUZ'!Q74," ") | N80: =IF(A80<0,'CAR PROMAX FILIAL CRUZ'!R74," ") | O80: =IF(A80<0,'CAR PROMAX FILIAL CRUZ'!S74," ") | P80: =IF(A80<0,'CAR PROMAX FILIAL CRUZ'!T74," ") | Q80: =IF(A80<0,'CAR PROMAX FILIAL CRUZ'!U74," ") | R80: =IF(A80<0,'CAR PROMAX FILIAL CRUZ'!V74," ")
A81: ='CAR PROMAX FILIAL CRUZ'!O75 -> 3 | B81: =IF(K81<0,IF(K81>-31,"INAD.",IF(K81>-75,"IREC.","PDD"))," ") | C81: =IF(K81<0,IF(K81>-16,"RN",IF(K81>-46,"GV","GC"))," ") | D81: =IF(A81<0,'CAR PROMAX FILIAL CRUZ'!B75," ") | E81: =IF(A81<0,'CAR PROMAX FILIAL CRUZ'!C75," ") | F81: =IF(A81<0,'CAR PROMAX FILIAL CRUZ'!D75," ") | G81: =IF(A81<0,'CAR PROMAX FILIAL CRUZ'!E75," ") | H81: =IF(A81<0,'CAR PROMAX FILIAL CRUZ'!J75," ") | K81: =IF(A81<0,'CAR PROMAX FILIAL CRUZ'!O75," ") | L81: =IF(A81<0,'CAR PROMAX FILIAL CRUZ'!P75," ") | M81: =IF(A81<0,'CAR PROMAX FILIAL CRUZ'!Q75," ") | N81: =IF(A81<0,'CAR PROMAX FILIAL CRUZ'!R75," ") | O81: =IF(A81<0,'CAR PROMAX FILIAL CRUZ'!S75," ") | P81: =IF(A81<0,'CAR PROMAX FILIAL CRUZ'!T75," ") | Q81: =IF(A81<0,'CAR PROMAX FILIAL CRUZ'!U75," ") | R81: =IF(A81<0,'CAR PROMAX FILIAL CRUZ'!V75," ")
A82: ='CAR PROMAX FILIAL CRUZ'!O76 -> 3 | B82: =IF(K82<0,IF(K82>-31,"INAD.",IF(K82>-75,"IREC.","PDD"))," ") | C82: =IF(K82<0,IF(K82>-16,"RN",IF(K82>-46,"GV","GC"))," ") | D82: =IF(A82<0,'CAR PROMAX FILIAL CRUZ'!B76," ") | E82: =IF(A82<0,'CAR PROMAX FILIAL CRUZ'!C76," ") | F82: =IF(A82<0,'CAR PROMAX FILIAL CRUZ'!D76," ") | G82: =IF(A82<0,'CAR PROMAX FILIAL CRUZ'!E76," ") | H82: =IF(A82<0,'CAR PROMAX FILIAL CRUZ'!J76," ") | K82: =IF(A82<0,'CAR PROMAX FILIAL CRUZ'!O76," ") | L82: =IF(A82<0,'CAR PROMAX FILIAL CRUZ'!P76," ") | M82: =IF(A82<0,'CAR PROMAX FILIAL CRUZ'!Q76," ") | N82: =IF(A82<0,'CAR PROMAX FILIAL CRUZ'!R76," ") | O82: =IF(A82<0,'CAR PROMAX FILIAL CRUZ'!S76," ") | P82: =IF(A82<0,'CAR PROMAX FILIAL CRUZ'!T76," ") | Q82: =IF(A82<0,'CAR PROMAX FILIAL CRUZ'!U76," ") | R82: =IF(A82<0,'CAR PROMAX FILIAL CRUZ'!V76," ")
A83: ='CAR PROMAX FILIAL CRUZ'!O77 -> 3 | B83: =IF(K83<0,IF(K83>-31,"INAD.",IF(K83>-75,"IREC.","PDD"))," ") | C83: =IF(K83<0,IF(K83>-16,"RN",IF(K83>-46,"GV","GC"))," ") | D83: =IF(A83<0,'CAR PROMAX FILIAL CRUZ'!B77," ") | E83: =IF(A83<0,'CAR PROMAX FILIAL CRUZ'!C77," ") | F83: =IF(A83<0,'CAR PROMAX FILIAL CRUZ'!D77," ") | G83: =IF(A83<0,'CAR PROMAX FILIAL CRUZ'!E77," ") | H83: =IF(A83<0,'CAR PROMAX FILIAL CRUZ'!J77," ") | K83: =IF(A83<0,'CAR PROMAX FILIAL CRUZ'!O77," ") | L83: =IF(A83<0,'CAR PROMAX FILIAL CRUZ'!P77," ") | M83: =IF(A83<0,'CAR PROMAX FILIAL CRUZ'!Q77," ") | N83: =IF(A83<0,'CAR PROMAX FILIAL CRUZ'!R77," ") | O83: =IF(A83<0,'CAR PROMAX FILIAL CRUZ'!S77," ") | P83: =IF(A83<0,'CAR PROMAX FILIAL CRUZ'!T77," ") | Q83: =IF(A83<0,'CAR PROMAX FILIAL CRUZ'!U77," ") | R83: =IF(A83<0,'CAR PROMAX FILIAL CRUZ'!V77," ")
A84: ='CAR PROMAX FILIAL CRUZ'!O78 -> 3 | B84: =IF(K84<0,IF(K84>-31,"INAD.",IF(K84>-75,"IREC.","PDD"))," ") | C84: =IF(K84<0,IF(K84>-16,"RN",IF(K84>-46,"GV","GC"))," ") | D84: =IF(A84<0,'CAR PROMAX FILIAL CRUZ'!B78," ") | E84: =IF(A84<0,'CAR PROMAX FILIAL CRUZ'!C78," ") | F84: =IF(A84<0,'CAR PROMAX FILIAL CRUZ'!D78," ") | G84: =IF(A84<0,'CAR PROMAX FILIAL CRUZ'!E78," ") | H84: =IF(A84<0,'CAR PROMAX FILIAL CRUZ'!J78," ") | K84: =IF(A84<0,'CAR PROMAX FILIAL CRUZ'!O78," ") | L84: =IF(A84<0,'CAR PROMAX FILIAL CRUZ'!P78," ") | M84: =IF(A84<0,'CAR PROMAX FILIAL CRUZ'!Q78," ") | N84: =IF(A84<0,'CAR PROMAX FILIAL CRUZ'!R78," ") | O84: =IF(A84<0,'CAR PROMAX FILIAL CRUZ'!S78," ") | P84: =IF(A84<0,'CAR PROMAX FILIAL CRUZ'!T78," ") | Q84: =IF(A84<0,'CAR PROMAX FILIAL CRUZ'!U78," ") | R84: =IF(A84<0,'CAR PROMAX FILIAL CRUZ'!V78," ")
A85: ='CAR PROMAX FILIAL CRUZ'!O79 -> 3 | B85: =IF(K85<0,IF(K85>-31,"INAD.",IF(K85>-75,"IREC.","PDD"))," ") | C85: =IF(K85<0,IF(K85>-16,"RN",IF(K85>-46,"GV","GC"))," ") | D85: =IF(A85<0,'CAR PROMAX FILIAL CRUZ'!B79," ") | E85: =IF(A85<0,'CAR PROMAX FILIAL CRUZ'!C79," ") | F85: =IF(A85<0,'CAR PROMAX FILIAL CRUZ'!D79," ") | G85: =IF(A85<0,'CAR PROMAX FILIAL CRUZ'!E79," ") | H85: =IF(A85<0,'CAR PROMAX FILIAL CRUZ'!J79," ") | K85: =IF(A85<0,'CAR PROMAX FILIAL CRUZ'!O79," ") | L85: =IF(A85<0,'CAR PROMAX FILIAL CRUZ'!P79," ") | M85: =IF(A85<0,'CAR PROMAX FILIAL CRUZ'!Q79," ") | N85: =IF(A85<0,'CAR PROMAX FILIAL CRUZ'!R79," ") | O85: =IF(A85<0,'CAR PROMAX FILIAL CRUZ'!S79," ") | P85: =IF(A85<0,'CAR PROMAX FILIAL CRUZ'!T79," ") | Q85: =IF(A85<0,'CAR PROMAX FILIAL CRUZ'!U79," ") | R85: =IF(A85<0,'CAR PROMAX FILIAL CRUZ'!V79," ")
A86: ='CAR PROMAX FILIAL CRUZ'!O80 -> 3 | B86: =IF(K86<0,IF(K86>-31,"INAD.",IF(K86>-75,"IREC.","PDD"))," ") | C86: =IF(K86<0,IF(K86>-16,"RN",IF(K86>-46,"GV","GC"))," ") | D86: =IF(A86<0,'CAR PROMAX FILIAL CRUZ'!B80," ") | E86: =IF(A86<0,'CAR PROMAX FILIAL CRUZ'!C80," ") | F86: =IF(A86<0,'CAR PROMAX FILIAL CRUZ'!D80," ") | G86: =IF(A86<0,'CAR PROMAX FILIAL CRUZ'!E80," ") | H86: =IF(A86<0,'CAR PROMAX FILIAL CRUZ'!J80," ") | K86: =IF(A86<0,'CAR PROMAX FILIAL CRUZ'!O80," ") | L86: =IF(A86<0,'CAR PROMAX FILIAL CRUZ'!P80," ") | M86: =IF(A86<0,'CAR PROMAX FILIAL CRUZ'!Q80," ") | N86: =IF(A86<0,'CAR PROMAX FILIAL CRUZ'!R80," ") | O86: =IF(A86<0,'CAR PROMAX FILIAL CRUZ'!S80," ") | P86: =IF(A86<0,'CAR PROMAX FILIAL CRUZ'!T80," ") | Q86: =IF(A86<0,'CAR PROMAX FILIAL CRUZ'!U80," ") | R86: =IF(A86<0,'CAR PROMAX FILIAL CRUZ'!V80," ")
A87: ='CAR PROMAX FILIAL CRUZ'!O81 -> 3 | B87: =IF(K87<0,IF(K87>-31,"INAD.",IF(K87>-75,"IREC.","PDD"))," ") | C87: =IF(K87<0,IF(K87>-16,"RN",IF(K87>-46,"GV","GC"))," ") | D87: =IF(A87<0,'CAR PROMAX FILIAL CRUZ'!B81," ") | E87: =IF(A87<0,'CAR PROMAX FILIAL CRUZ'!C81," ") | F87: =IF(A87<0,'CAR PROMAX FILIAL CRUZ'!D81," ") | G87: =IF(A87<0,'CAR PROMAX FILIAL CRUZ'!E81," ") | H87: =IF(A87<0,'CAR PROMAX FILIAL CRUZ'!J81," ") | K87: =IF(A87<0,'CAR PROMAX FILIAL CRUZ'!O81," ") | L87: =IF(A87<0,'CAR PROMAX FILIAL CRUZ'!P81," ") | M87: =IF(A87<0,'CAR PROMAX FILIAL CRUZ'!Q81," ") | N87: =IF(A87<0,'CAR PROMAX FILIAL CRUZ'!R81," ") | O87: =IF(A87<0,'CAR PROMAX FILIAL CRUZ'!S81," ") | P87: =IF(A87<0,'CAR PROMAX FILIAL CRUZ'!T81," ") | Q87: =IF(A87<0,'CAR PROMAX FILIAL CRUZ'!U81," ") | R87: =IF(A87<0,'CAR PROMAX FILIAL CRUZ'!V81," ")
A88: ='CAR PROMAX FILIAL CRUZ'!O82 -> 3 | B88: =IF(K88<0,IF(K88>-31,"INAD.",IF(K88>-75,"IREC.","PDD"))," ") | C88: =IF(K88<0,IF(K88>-16,"RN",IF(K88>-46,"GV","GC"))," ") | D88: =IF(A88<0,'CAR PROMAX FILIAL CRUZ'!B82," ") | E88: =IF(A88<0,'CAR PROMAX FILIAL CRUZ'!C82," ") | F88: =IF(A88<0,'CAR PROMAX FILIAL CRUZ'!D82," ") | G88: =IF(A88<0,'CAR PROMAX FILIAL CRUZ'!E82," ") | H88: =IF(A88<0,'CAR PROMAX FILIAL CRUZ'!J82," ") | K88: =IF(A88<0,'CAR PROMAX FILIAL CRUZ'!O82," ") | L88: =IF(A88<0,'CAR PROMAX FILIAL CRUZ'!P82," ") | M88: =IF(A88<0,'CAR PROMAX FILIAL CRUZ'!Q82," ") | N88: =IF(A88<0,'CAR PROMAX FILIAL CRUZ'!R82," ") | O88: =IF(A88<0,'CAR PROMAX FILIAL CRUZ'!S82," ") | P88: =IF(A88<0,'CAR PROMAX FILIAL CRUZ'!T82," ") | Q88: =IF(A88<0,'CAR PROMAX FILIAL CRUZ'!U82," ") | R88: =IF(A88<0,'CAR PROMAX FILIAL CRUZ'!V82," ")
A89: ='CAR PROMAX FILIAL CRUZ'!O83 -> 3 | B89: =IF(K89<0,IF(K89>-31,"INAD.",IF(K89>-75,"IREC.","PDD"))," ") | C89: =IF(K89<0,IF(K89>-16,"RN",IF(K89>-46,"GV","GC"))," ") | D89: =IF(A89<0,'CAR PROMAX FILIAL CRUZ'!B83," ") | E89: =IF(A89<0,'CAR PROMAX FILIAL CRUZ'!C83," ") | F89: =IF(A89<0,'CAR PROMAX FILIAL CRUZ'!D83," ") | G89: =IF(A89<0,'CAR PROMAX FILIAL CRUZ'!E83," ") | H89: =IF(A89<0,'CAR PROMAX FILIAL CRUZ'!J83," ") | K89: =IF(A89<0,'CAR PROMAX FILIAL CRUZ'!O83," ") | L89: =IF(A89<0,'CAR PROMAX FILIAL CRUZ'!P83," ") | M89: =IF(A89<0,'CAR PROMAX FILIAL CRUZ'!Q83," ") | N89: =IF(A89<0,'CAR PROMAX FILIAL CRUZ'!R83," ") | O89: =IF(A89<0,'CAR PROMAX FILIAL CRUZ'!S83," ") | P89: =IF(A89<0,'CAR PROMAX FILIAL CRUZ'!T83," ") | Q89: =IF(A89<0,'CAR PROMAX FILIAL CRUZ'!U83," ") | R89: =IF(A89<0,'CAR PROMAX FILIAL CRUZ'!V83," ")
... A497: ='CAR PROMAX FILIAL CRUZ'!O491 -> 0 | B497: =IF(K497<0,IF(K497>-31,"INAD.",IF(K497>-75,"IREC.","PDD"))," ") | C497: =IF(K497<0,IF(K497>-16,"RN",IF(K497>-46,"GV","GC"))," ") | D497: =IF(A497<0,'CAR PROMAX FILIAL CRUZ'!B491," ") | E497: =IF(A497<0,'CAR PROMAX FILIAL CRUZ'!C491," ") | F497: =IF(A497<0,'CAR PROMAX FILIAL CRUZ'!D491," ") | G497: =IF(A497<0,'CAR PROMAX FILIAL CRUZ'!E491," ") | H497: =IF(A497<0,'CAR PROMAX FILIAL CRUZ'!J491," ") | K497: =IF(A497<0,'CAR PROMAX FILIAL CRUZ'!O491," ") | L497: =IF(A497<0,'CAR PROMAX FILIAL CRUZ'!P491," ") | M497: =IF(A497<0,'CAR PROMAX FILIAL CRUZ'!Q491," ") | N497: =IF(A497<0,'CAR PROMAX FILIAL CRUZ'!R491," ") | O497: =IF(A497<0,'CAR PROMAX FILIAL CRUZ'!S491," ") | P497: =IF(A497<0,'CAR PROMAX FILIAL CRUZ'!T491," ") | Q497: =IF(A497<0,'CAR PROMAX FILIAL CRUZ'!U491," ") | R497: =IF(A497<0,'CAR PROMAX FILIAL CRUZ'!V491," ")

Sheet CAR PROMAX FILIAL CRUZ
A1: UNB | B1: Cliente | C1: Nome | D1: UNB | E1: Titulo | F1: Parcela | G1: GDD | H1: GteVendas | I1: Superv | J1: Vendedor | K1: Especie | L1: Vinculo | M1: Portador | N1: Indicador CA/PRZ | O1: Dias | P1: DataEmissao | Q1: DataEntrega | R1: DataVencto | S1: ValorOriginal | T1: ValorPendente | U1: ValorCorrigido | V1: Nr. Banco | W1: DV | X1: AGING | Z1: Nr. CV | AA1: Segmento | AB1: Classe de Risco Atual | AC1: Tipo Doc | AD1: Classe Risco Apurada | AE1: Título de Aluguel | AF1: Tipo Vale | AG1: Dt Negociação | AH1: Status da Cobrança | AI1: Usuário atendimento | AJ1: Histórico Último Atendimento | AK1: Título Logistica | AL1: Franquia | AM1: Id Venda a Vista
A2: 2 | B2: 576 | C2: ROCK VARIEDADES JUR | D2: 2 | E2: 79246 | F2: 0 | G2: 1 | H2: 1 | I2: 10 | J2: 101 | K2: 4 | L2: 0 | M2: 237 | O2: -95 | P2: 46034 | Q2: 46035 | R2: 46041 | S2: 459.85 | T2: 459.85 | U2: 555.18 | V2: 3612006755 | W2: 6 | X2: PDD 180 | Z2: 0 | AA2: 73 | AB2: 5 | AC2: T | AD2: 4 | AL2: N
A3: 2 | B3: 3730 | C3: GELADAO PREA | D3: 2 | E3: 79463 | F3: 0 | G3: 1 | H3: 5 | I3: 50 | J3: 514 | K3: 4 | L3: 0 | M3: 237 | O3: -93 | P3: 46035 | Q3: 46036 | R3: 46043 | S3: 631.69 | T3: 631.69 | U3: 760.55 | V3: 3612006784 | W3: P | X3: PDD 180 | Z3: 0 | AA3: 73 | AB3: 5 | AC3: T | AD3: 4 | AL3: N
A4: 2 | B4: 576 | C4: ROCK VARIEDADES JUR | D4: 2 | E4: 80550 | F4: 0 | G4: 1 | H4: 1 | I4: 10 | J4: 101 | K4: 4 | L4: 0 | M4: 237 | O4: -88 | P4: 46041 | Q4: 46042 | R4: 46048 | S4: 300.93 | T4: 300.93 | U4: 359.8 | V4: 3612006964 | W4: 8 | X4: PDD 180 | Z4: 0 | AA4: 73 | AB4: 5 | AC4: T | AD4: 4 | AL4: N
A5: 2 | B5: 253 | C5: PESQUE E PAGUE SAO J | D5: 2 | E5: 83008 | F5: 0 | G5: 1 | H5: 5 | I5: 50 | J5: 513 | K5: 4 | L5: 0 | M5: 237 | O5: -74 | P5: 46052 | Q5: 46053 | R5: 46062 | S5: 143.31 | T5: 143.31 | U5: 168 | V5: 3612007292 | W5: 4 | X5: PDD 180 | Z5: 0 | AA5: 75 | AB5: 5 | AC5: T | AD5: 3 | AG5: 46092 | AI5: Marlon Marques da Motta Mendes | AJ5: ACORDO PARCELAMENTO | AL5: N
A6: 2 | B6: 253 | C6: PESQUE E PAGUE SAO J | D6: 2 | E6: 83009 | F6: 0 | G6: 1 | H6: 5 | I6: 50 | J6: 513 | K6: 4 | L6: 0 | M6: 237 | O6: -74 | P6: 46052 | Q6: 46053 | R6: 46062 | S6: 883.83 | T6: 883.83 | U6: 1036.13 | V6: 3612007293 | W6: 2 | X6: PDD 180 | Z6: 0 | AA6: 75 | AB6: 5 | AC6: T | AD6: 3 | AG6: 46092 | AI6: Marlon Marques da Motta Mendes | AJ6: ACORDO PARCELAMENTO | AL6: N
A7: 2 | B7: 253 | C7: PESQUE E PAGUE SAO J | D7: 2 | E7: 84202 | F7: 0 | G7: 1 | H7: 5 | I7: 50 | J7: 513 | K7: 4 | L7: 0 | M7: 237 | O7: -67 | P7: 46059 | Q7: 46060 | R7: 46069 | S7: 827.03 | T7: 827.03 | U7: 959.9 | V7: 3612007481 | W7: 1 | X7: PDD MES | Z7: 0 | AA7: 75 | AB7: 5 | AC7: T | AD7: 4 | AG7: 46092 | AI7: Marlon Marques da Motta Mendes | AJ7: ACORDO PARCELAMENTO | AL7: N
A8: 2 | B8: 3898 | C8: ROTA DO SABOR | D8: 2 | E8: 85694 | F8: 0 | G8: 1 | H8: 1 | I8: 10 | J8: 104 | K8: 4 | L8: 0 | M8: 237 | O8: -65 | P8: 46066 | Q8: 46067 | R8: 46071 | S8: 213.61 | T8: 213.61 | U8: 247.21 | V8: 3612007713 | W8: 6 | X8: PDD MES | Z8: 0 | AA8: 75 | AB8: 5 | AC8: T | AD8: 4 | AL8: N
A9: 2 | B9: 3581 | C9: ADEGA BAR | D9: 2 | E9: 86353 | F9: 0 | G9: 1 | H9: 1 | I9: 10 | J9: 102 | K9: 4 | L9: 0 | M9: 237 | O9: -56 | P9: 46072 | Q9: 46073 | R9: 46080 | S9: 392.88 | T9: 392.88 | U9: 448.79 | V9: 3612007801 | W9: 9 | X9: PDD MES | Z9: 0 | AA9: 75 | AB9: 5 | AC9: T | AD9: 4 | AL9: N
A10: 2 | B10: 3581 | C10: ADEGA BAR | D10: 2 | E10: 86354 | F10: 0 | G10: 1 | H10: 1 | I10: 10 | J10: 102 | K10: 4 | L10: 0 | M10: 237 | O10: -56 | P10: 46072 | Q10: 46073 | R10: 46080 | S10: 509.94 | T10: 509.94 | U10: 582.51 | V10: 3612007802 | W10: 7 | X10: PDD MES | Z10: 0 | AA10: 75 | AB10: 5 | AC10: T | AD10: 4 | AL10: N
A11: 2 | B11: 2977 | C11: TRE CRAZY | D11: 2 | E11: 86678 | F11: 0 | G11: 1 | H11: 5 | I11: 50 | J11: 515 | K11: 4 | L11: 0 | M11: 237 | O11: -52 | P11: 46076 | Q11: 46077 | R11: 46084 | S11: 900.3 | T11: 900.3 | U11: 1022.43 | V11: 3612007844 | W11: 2 | X11: PDDIREC | Z11: 0 | AA11: 75 | AB11: 5 | AC11: T | AD11: 5 | AL11: N
A12: 2 | B12: 3322 | C12: PIZZARIA O ZEZINHO | D12: 2 | E12: 88274 | F12: 0 | G12: 1 | H12: 1 | I12: 10 | J12: 101 | K12: 4 | L12: 0 | M12: 237 | O12: -44 | P12: 46084 | Q12: 46085 | R12: 46092 | S12: 304.13 | T12: 304.13 | U12: 341.33 | V12: 3612008105 | W12: 2 | X12: PDDIREC | Z12: 0 | AA12: 75 | AB12: 4 | AC12: T | AD12: 4 | AL12: N
A13: 2 | B13: 3055 | C13: Buteco dos amigos | D13: 2 | E13: 89621 | F13: 0 | G13: 1 | H13: 5 | I13: 50 | J13: 514 | K13: 4 | L13: 0 | M13: 237 | O13: -35 | P13: 46093 | Q13: 46094 | R13: 46101 | S13: 622.85 | T13: 622.85 | U13: 689.69 | V13: 3612008353 | W13: 5 | X13: IREC | Z13: 0 | AA13: 75 | AB13: 5 | AC13: T | AD13: 5 | AL13: N
A14: 2 | B14: 3793 | C14: ORIGEM BAR | D14: 2 | E14: 89374 | F14: 0 | G14: 1 | H14: 5 | I14: 50 | J14: 514 | K14: 4 | L14: 0 | M14: 237 | O14: -35 | P14: 46092 | Q14: 46093 | R14: 46101 | S14: 1669.58 | T14: 1669.58 | U14: 1848.77 | V14: 3612008308 | W14: P | X14: IREC | Z14: 0 | AA14: 75 | AB14: 5 | AC14: T | AD14: 4 | AL14: N
A15: 2 | B15: 3968 | C15: REST. E PESTICARIA D | D15: 2 | E15: 89591 | F15: 0 | G15: 1 | H15: 5 | I15: 50 | J15: 514 | K15: 4 | L15: 0 | M15: 237 | O15: -35 | P15: 46093 | Q15: 46094 | R15: 46101 | S15: 894.24 | T15: 894.24 | U15: 990.21 | V15: 3612008348 | W15: 9 | X15: IREC | Z15: 0 | AA15: 75 | AB15: 4 | AC15: T | AD15: 3 | AL15: N
A16: 2 | B16: 3968 | C16: REST. E PESTICARIA D | D16: 2 | E16: 89907 | F16: 0 | G16: 1 | H16: 5 | I16: 50 | J16: 514 | K16: 4 | L16: 0 | M16: 237 | O16: -32 | P16: 46094 | Q16: 46095 | R16: 46104 | S16: 1225.24 | T16: 1225.24 | U16: 1350.61 | V16: 3612008405 | W16: 1 | X16: IREC | Z16: 0 | AA16: 75 | AB16: 4 | AC16: T | AD16: 3 | AL16: N
A17: 2 | B17: 2590 | C17: MULT STORE | D17: 2 | E17: 90478 | F17: 0 | G17: 1 | H17: 5 | I17: 50 | J17: 512 | K17: 4 | L17: 0 | M17: 237 | O17: -28 | P17: 46099 | Q17: 46101 | R17: 46108 | S17: 571.98 | T17: 571.98 | U17: 626.69 | V17: 3612008490 | W17: 6 | X17: IREC | Z17: 0 | AA17: 75 | AB17: 5 | AC17: T | AD17: 4 | AL17: N
A18: 2 | B18: 3345 | C18: S5 - BOTECO MARESIA | D18: 2 | E18: 93859 | F18: 0 | G18: 1 | H18: 5 | I18: 50 | J18: 514 | K18: 4 | L18: 0 | M18: 237 | O18: -7 | P18: 46121 | Q18: 46122 | R18: 46129 | S18: 949.69 | T18: 949.69 | U18: 1007.29 | V18: 3612008950 | W18: 9 | X18: Inadip Mes | Z18: 0 | AA18: 75 | AB18: 4 | AC18: T | AD18: 4 | AL18: N
A19: 2 | B19: 3994 | C19: CASA DO SABOR | D19: 2 | E19: 93940 | F19: 0 | G19: 1 | H19: 1 | I19: 10 | J19: 104 | K19: 4 | L19: 0 | M19: 237 | O19: -7 | P19: 46121 | Q19: 46122 | R19: 46129 | S19: 966.94 | T19: 966.94 | U19: 1025.6 | V19: 3612008965 | W19: 7 | X19: Inadip Mes | Z19: 0 | AA19: 75 | AB19: 4 | AC19: T | AD19: 4 | AL19: N
A20: 2 | B20: 427 | C20: SUP MERC ECONOMICO 0 | D20: 2 | E20: 94094 | F20: 0 | G20: 1 | H20: 5 | I20: 50 | J20: 515 | K20: 4 | L20: 0 | M20: 237 | O20: -4 | P20: 46122 | Q20: 46123 | R20: 46132 | S20: 3264.21 | T20: 3264.21 | U20: 3445.91 | V20: 3612008986 | W20: P | X20: Inadip Mes | Z20: 0 | AA20: 73 | AB20: 3 | AC20: T | AD20: 3 | AL20: N
A21: 2 | B21: 427 | C21: SUP MERC ECONOMICO 0 | D21: 2 | E21: 94095 | F21: 0 | G21: 1 | H21: 5 | I21: 50 | J21: 515 | K21: 4 | L21: 0 | M21: 237 | O21: -4 | P21: 46122 | Q21: 46123 | R21: 46132 | S21: 4072.78 | T21: 4072.78 | U21: 4299.49 | V21: 3612008987 | W21: 8 | X21: Inadip Mes | Z21: 0 | AA21: 73 | AB21: 3 | AC21: T | AD21: 3 | AL21: N
A22: 2 | B22: 3405 | C22: CLUBE DOS COQUEIROS | D22: 2 | E22: 94106 | F22: 0 | G22: 1 | H22: 5 | I22: 50 | J22: 511 | K22: 4 | L22: 0 | M22: 237 | O22: -4 | P22: 46122 | Q22: 46123 | R22: 46132 | S22: 663.4 | T22: 663.4 | U22: 700.32 | V22: 3612008990 | W22: 8 | X22: Inadip Mes | Z22: 0 | AA22: 73 | AB22: 4 | AC22: T | AD22: 4 | AL22: N
A23: 2 | B23: 3416 | C23: RESTAURANTE TIA ROSA | D23: 2 | E23: 94145 | F23: 0 | G23: 1 | H23: 1 | I23: 10 | J23: 104 | K23: 4 | L23: 0 | M23: 237 | O23: -4 | P23: 46122 | Q23: 46123 | R23: 46132 | S23: 304.93 | T23: 304.93 | U23: 321.9 | V23: 3612009001 | W23: 9 | X23: Inadip Mes | Z23: 0 | AA23: 75 | AB23: 5 | AC23: T | AD23: 5 | AL23: N
A24: 2 | B24: 265 | C24: STAR CONVENIENCIA A | D24: 2 | E24: 95102 | F24: 0 | G24: 1 | H24: 1 | I24: 10 | J24: 103 | K24: 4 | L24: 0 | M24: 237 | O24: -2 | P24: 46127 | Q24: 46128 | R24: 46134 | S24: 1663.39 | T24: 1663.39 | U24: 1750.43 | V24: 3612009147 | W24: 3 | X24: Inadip Mes | Z24: 0 | AA24: 73 | AB24: 3 | AC24: T | AD24: 3 | AL24: N
A25: 2 | B25: 1103 | C25: TN CONVENIENCIA JERI | D25: 2 | E25: 94719 | F25: 0 | G25: 1 | H25: 5 | I25: 50 | J25: 514 | K25: 4 | L25: 0 | M25: 237 | O25: -2 | P25: 46126 | Q25: 46127 | R25: 46134 | S25: 787.96 | T25: 787.96 | U25: 829.19 | V25: 3612009065 | W25: 5 | X25: Inadip Mes | Z25: 0 | AA25: 75 | AB25: 4 | AC25: T | AD25: 4 | AL25: N
A26: 2 | B26: 4006 | C26: MERCADINHO TODO DIA | D26: 2 | E26: 94815 | F26: 0 | G26: 1 | H26: 5 | I26: 50 | J26: 512 | K26: 4 | L26: 0 | M26: 237 | O26: -2 | P26: 46126 | Q26: 46127 | R26: 46134 | S26: 327 | T26: 327 | U26: 344.1 | V26: 3612009091 | W26: 4 | X26: Inadip Mes | Z26: 0 | AA26: 73 | AB26: 4 | AC26: T | AD26: 4 | AL26: N
A27: 2 | B27: 4024 | C27: MEGA FRIOS | D27: 2 | E27: 94702 | F27: 0 | G27: 1 | H27: 1 | I27: 10 | J27: 102 | K27: 4 | L27: 0 | M27: 237 | O27: -2 | P27: 46125 | Q27: 46126 | R27: 46134 | S27: 308.33 | T27: 308.33 | U27: 324.45 | V27: 3612009059 | W27: 0 | X27: Inadip Mes | Z27: 0 | AA27: 73 | AB27: 5 | AC27: T | AD27: 5 | AL27: N
A28: 2 | B28: 895 | C28: REST JERILICIA JERI | D28: 2 | E28: 95003 | F28: 0 | G28: 1 | H28: 5 | I28: 50 | J28: 514 | K28: 4 | L28: 0 | M28: 237 | O28: -1 | P28: 46127 | Q28: 46128 | R28: 46135 | S28: 320.16 | T28: 320.16 | U28: 336.37 | V28: 3612009125 | W28: 2 | X28: Inadip Mes | Z28: 0 | AA28: 75 | AB28: 4 | AC28: T | AD28: 4 | AL28: N
A29: 2 | B29: 2681 | C29: BUTECO DO ORLANDO 2 | D29: 2 | E29: 95028 | F29: 0 | G29: 1 | H29: 5 | I29: 50 | J29: 512 | K29: 4 | L29: 0 | M29: 237 | O29: -1 | P29: 46127 | Q29: 46128 | R29: 46135 | S29: 451.21 | T29: 451.21 | U29: 474.06 | V29: 3612009131 | W29: 7 | X29: Inadip Mes | Z29: 0 | AA29: 75 | AB29: 3 | AC29: T | AD29: 3 | AL29: N
A30: 2 | B30: 3459 | C30: MERCADINHO MINI PREC | D30: 2 | E30: 95096 | F30: 0 | G30: 1 | H30: 1 | I30: 10 | J30: 104 | K30: 4 | L30: 0 | M30: 237 | O30: -1 | P30: 46127 | Q30: 46128 | R30: 46135 | S30: 336.22 | T30: 336.22 | U30: 353.25 | V30: 3612009142 | W30: 2 | X30: Inadip Mes | Z30: 0 | AA30: 73 | AB30: 5 | AC30: T | AD30: 5 | AL30: N
A31: 2 | B31: 222 | C31: PADARIA SANTO EXPEDI | D31: 2 | E31: 96037 | F31: 0 | G31: 1 | H31: 1 | I31: 10 | J31: 102 | K31: 4 | L31: 0 | M31: 237 | O31: 0 | P31: 46132 | Q31: 46134 | R31: 46136 | S31: 343.45 | T31: 343.45 | U31: 343.45 | V31: 3612009270 | W31: 4 | Z31: 0 | AA31: 75 | AB31: 5 | AC31: T | AD31: 5 | AL31: N
A32: 2 | B32: 379 | C32: MERC.KELSO | D32: 2 | E32: 95374 | F32: 0 | G32: 1 | H32: 1 | I32: 10 | J32: 103 | K32: 4 | L32: 0 | M32: 237 | O32: 0 | P32: 46128 | Q32: 46129 | R32: 46136 | S32: 2870.98 | T32: 2870.98 | U32: 2870.98 | V32: 3612009185 | W32: 6 | Z32: 0 | AA32: 73 | AB32: 6 | AC32: T | AD32: 6 | AL32: N
A33: 2 | B33: 876 | C33: S5 - REST LUA CHEIA | D33: 2 | E33: 95264 | F33: 0 | G33: 1 | H33: 5 | I33: 50 | J33: 515 | K33: 4 | L33: 0 | M33: 237 | O33: 0 | P33: 46128 | Q33: 46129 | R33: 46136 | S33: 780.08 | T33: 780.08 | U33: 780.08 | V33: 3612009162 | W33: 7 | Z33: 0 | AA33: 75 | AB33: 6 | AC33: T | AD33: 6 | AL33: N
A34: 2 | B34: 925 | C34: LC. CONVENIENCIA DAS | D34: 2 | E34: 95318 | F34: 0 | G34: 1 | H34: 5 | I34: 50 | J34: 514 | K34: 4 | L34: 0 | M34: 237 | O34: 0 | P34: 46128 | Q34: 46129 | R34: 46136 | S34: 206.69 | T34: 206.69 | U34: 206.69 | V34: 3612009171 | W34: 6 | Z34: 0 | AA34: 75 | AB34: 3 | AC34: T | AD34: 3 | AL34: N
A35: 2 | B35: 986 | C35: CONVENIENCIA EMPORIO | D35: 2 | E35: 95308 | F35: 0 | G35: 1 | H35: 5 | I35: 50 | J35: 514 | K35: 4 | L35: 0 | M35: 237 | O35: 0 | P35: 46128 | Q35: 46129 | R35: 46136 | S35: 979.32 | T35: 979.32 | U35: 979.32 | V35: 3612009169 | W35: 4 | Z35: 0 | AA35: 73 | AB35: 3 | AC35: T | AD35: 3 | AL35: N
A36: 2 | B36: 2164 | C36: BAR DA NOVA | D36: 2 | E36: 95337 | F36: 0 | G36: 1 | H36: 1 | I36: 10 | J36: 104 | K36: 4 | L36: 0 | M36: 237 | O36: 0 | P36: 46128 | Q36: 46129 | R36: 46136 | S36: 218.86 | T36: 218.86 | U36: 218.86 | V36: 3612009177 | W36: 5 | Z36: 0 | AA36: 75 | AB36: 4 | AC36: T | AD36: 4 | AL36: N
A37: 2 | B37: 2164 | C37: BAR DA NOVA | D37: 2 | E37: 95338 | F37: 0 | G37: 1 | H37: 1 | I37: 10 | J37: 104 | K37: 4 | L37: 0 | M37: 237 | O37: 0 | P37: 46128 | Q37: 46129 | R37: 46136 | S37: 33.88 | T37: 33.88 | U37: 33.88 | V37: 3612009178 | W37: 3 | Z37: 0 | AA37: 75 | AB37: 4 | AC37: T | AD37: 4 | AL37: N
A38: 2 | B38: 2171 | C38: COMERCIAL GERSON | D38: 2 | E38: 95344 | F38: 0 | G38: 1 | H38: 1 | I38: 10 | J38: 104 | K38: 4 | L38: 0 | M38: 237 | O38: 0 | P38: 46128 | Q38: 46129 | R38: 46136 | S38: 766.13 | T38: 766.13 | U38: 766.13 | V38: 3612009183 | W38: P | Z38: 0 | AA38: 73 | AB38: 4 | AC38: T | AD38: 4 | AL38: N
A39: 2 | B39: 2261 | C39: C0MERCIAL ALBANIZA | D39: 2 | E39: 95330 | F39: 0 | G39: 1 | H39: 1 | I39: 10 | J39: 104 | K39: 4 | L39: 0 | M39: 237 | O39: 0 | P39: 46128 | Q39: 46129 | R39: 46136 | S39: 371.03 | T39: 371.03 | U39: 371.03 | V39: 3612009174 | W39: 0 | Z39: 0 | AA39: 73 | AB39: 3 | AC39: T | AD39: 3 | AL39: N
A40: 2 | B40: 2302 | C40: MERCADINHO CARNEIRO | D40: 2 | E40: 95410 | F40: 0 | G40: 1 | H40: 1 | I40: 10 | J40: 103 | K40: 4 | L40: 0 | M40: 237 | O40: 0 | P40: 46128 | Q40: 46129 | R40: 46136 | S40: 262.85 | T40: 262.85 | U40: 262.85 | V40: 3612009189 | W40: 9 | Z40: 0 | AA40: 73 | AB40: 6 | AC40: T | AD40: 6 | AL40: N
A41: 2 | B41: 3118 | C41: ESQUINA DA FRUTA | D41: 2 | E41: 95274 | F41: 0 | G41: 1 | H41: 5 | I41: 50 | J41: 512 | K41: 4 | L41: 0 | M41: 237 | O41: 0 | P41: 46128 | Q41: 46129 | R41: 46136 | S41: 158.63 | T41: 158.63 | U41: 158.63 | V41: 3612009163 | W41: 5 | Z41: 0 | AA41: 73 | AB41: 3 | AC41: T | AD41: 3 | AL41: N
A42: 2 | B42: 3118 | C42: ESQUINA DA FRUTA | D42: 2 | E42: 95275 | F42: 0 | G42: 1 | H42: 5 | I42: 50 | J42: 512 | K42: 4 | L42: 0 | M42: 237 | O42: 0 | P42: 46128 | Q42: 46129 | R42: 46136 | S42: 698.97 | T42: 698.97 | U42: 698.97 | V42: 3612009164 | W42: 3 | Z42: 0 | AA42: 73 | AB42: 3 | AC42: T | AD42: 3 | AL42: N
A43: 2 | B43: 3287 | C43: CENTRAL PALADAR | D43: 2 | E43: 95380 | F43: 0 | G43: 1 | H43: 1 | I43: 10 | J43: 101 | K43: 4 | L43: 0 | M43: 237 | O43: 0 | P43: 46128 | Q43: 46129 | R43: 46136 | S43: 319.43 | T43: 319.43 | U43: 319.43 | V43: 3612009187 | W43: 2 | Z43: 0 | AA43: 75 | AB43: 4 | AC43: T | AD43: 4 | AL43: N
A44: 2 | B44: 3336 | C44: BAR DA NETE | D44: 2 | E44: 95469 | F44: 0 | G44: 1 | H44: 1 | I44: 10 | J44: 102 | K44: 4 | L44: 0 | M44: 237 | O44: 0 | P44: 46128 | Q44: 46129 | R44: 46136 | S44: 298.49 | T44: 298.49 | U44: 298.49 | V44: 3612009191 | W44: 0 | Z44: 0 | AA44: 75 | AB44: 4 | AC44: T | AD44: 4 | AL44: N
A45: 2 | B45: 3590 | C45: MERC BENE | D45: 2 | E45: 95340 | F45: 0 | G45: 1 | H45: 1 | I45: 10 | J45: 104 | K45: 4 | L45: 0 | M45: 237 | O45: 0 | P45: 46128 | Q45: 46129 | R45: 46136 | S45: 218.86 | T45: 218.86 | U45: 218.86 | V45: 3612009180 | W45: 5 | Z45: 0 | AA45: 75 | AB45: 4 | AC45: T | AD45: 4 | AL45: N
A46: 2 | B46: 3638 | C46: PADARIA PEREIRAS | D46: 2 | E46: 95470 | F46: 0 | G46: 1 | H46: 1 | I46: 10 | J46: 102 | K46: 4 | L46: 0 | M46: 237 | O46: 0 | P46: 46128 | Q46: 46129 | R46: 46136 | S46: 275.8 | T46: 275.8 | U46: 275.8 | V46: 3612009192 | W46: 9 | Z46: 0 | AA46: 75 | AB46: 4 | AC46: T | AD46: 4 | AL46: N
A47: 2 | B47: 3823 | C47: DEPOSITO ZE ORLANDO | D47: 2 | E47: 95297 | F47: 0 | G47: 1 | H47: 5 | I47: 50 | J47: 511 | K47: 4 | L47: 0 | M47: 237 | O47: 0 | P47: 46128 | Q47: 46129 | R47: 46136 | S47: 2059.25 | T47: 2059.25 | U47: 2059.25 | V47: 3612009166 | W47: P | Z47: 0 | AA47: 72 | AB47: 3 | AC47: T | AD47: 3 | AL47: N
A48: 2 | B48: 3976 | C48: LS RACOES | D48: 2 | E48: 96063 | F48: 0 | G48: 1 | H48: 5 | I48: 50 | J48: 513 | K48: 4 | L48: 0 | M48: 237 | O48: 0 | P48: 46132 | Q48: 46134 | R48: 46136 | S48: 638.31 | T48: 638.31 | U48: 638.31 | V48: 3612009272 | W48: 0 | Z48: 0 | AA48: 72 | AB48: 3 | AC48: T | AD48: 3 | AL48: N
A49: 2 | B49: 3976 | C49: LS RACOES | D49: 2 | E49: 96064 | F49: 0 | G49: 1 | H49: 5 | I49: 50 | J49: 513 | K49: 4 | L49: 0 | M49: 237 | O49: 0 | P49: 46132 | Q49: 46134 | R49: 46136 | S49: 2250.98 | T49: 2250.98 | U49: 2250.98 | V49: 3612009273 | W49: 9 | Z49: 0 | AA49: 72 | AB49: 3 | AC49: T | AD49: 3 | AL49: N
A50: 2 | B50: 4033 | C50: PICANHARIA BAR E RES | D50: 2 | E50: 95298 | F50: 0 | G50: 1 | H50: 5 | I50: 50 | J50: 514 | K50: 4 | L50: 0 | M50: 237 | O50: 0 | P50: 46128 | Q50: 46129 | R50: 46136 | S50: 485.7 | T50: 485.7 | U50: 485.7 | V50: 3612009167 | W50: 8 | Z50: 0 | AA50: 75 | AB50: 3 | AC50: T | AD50: 3 | AL50: N
A51: 2 | B51: 167 | C51: RESTAURANTE BOM GOST | D51: 2 | E51: 96298 | F51: 0 | G51: 1 | H51: 1 | I51: 10 | J51: 102 | K51: 4 | L51: 0 | M51: 237 | O51: 3 | P51: 46134 | Q51: 46135 | R51: 46139 | S51: 253.89 | T51: 253.89 | U51: 253.89 | V51: 3612009322 | W51: 0 | Z51: 0 | AA51: 75 | AB51: 3 | AC51: T | AD51: 3 | AL51: N
A52: 2 | B52: 379 | C52: MERC.KELSO | D52: 2 | E52: 95894 | F52: 0 | G52: 1 | H52: 1 | I52: 10 | J52: 103 | K52: 4 | L52: 0 | M52: 237 | O52: 3 | P52: 46132 | Q52: 46134 | R52: 46139 | S52: 1307.94 | T52: 1307.94 | U52: 1307.94 | V52: 3612009247 | W52: P | Z52: 0 | AA52: 73 | AB52: 6 | AC52: T | AD52: 6 | AL52: N
A53: 2 | B53: 409 | C53: COMERCIO DO MANOELZI | D53: 2 | E53: 95723 | F53: 0 | G53: 1 | H53: 1 | I53: 10 | J53: 104 | K53: 4 | L53: 0 | M53: 237 | O53: 3 | P53: 46130 | Q53: 46132 | R53: 46139 | S53: 377.29 | T53: 377.29 | U53: 377.29 | V53: 3612009229 | W53: 1 | Z53: 0 | AA53: 73 | AB53: 6 | AC53: T | AD53: 6 | AL53: N
A54: 2 | B54: 417 | C54: JM SUPERMERCADO (CRU | D54: 2 | E54: 96344 | F54: 0 | G54: 1 | H54: 1 | I54: 10 | J54: 103 | K54: 4 | L54: 0 | M54: 237 | O54: 3 | P54: 46134 | Q54: 46135 | R54: 46139 | S54: 2348.7 | T54: 2348.7 | U54: 2348.7 | V54: 3612009328 | W54: P | Z54: 0 | AA54: 73 | AB54: 6 | AC54: T | AD54: 6 | AL54: N
A55: 2 | B55: 472 | C55: MK ATACADAO CRUZ | D55: 2 | E55: 96343 | F55: 0 | G55: 1 | H55: 1 | I55: 10 | J55: 103 | K55: 4 | L55: 0 | M55: 237 | O55: 3 | P55: 46134 | Q55: 46135 | R55: 46139 | S55: 668.64 | T55: 668.64 | U55: 668.64 | V55: 3612009327 | W55: 1 | Z55: 0 | AA55: 72 | AB55: 3 | AC55: T | AD55: 3 | AL55: N
A56: 2 | B56: 604 | C56: MERCADINHO DO URI (A | D56: 2 | E56: 95966 | F56: 0 | G56: 1 | H56: 5 | I56: 50 | J56: 511 | K56: 4 | L56: 0 | M56: 237 | O56: 3 | P56: 46132 | Q56: 46134 | R56: 46139 | S56: 1881.74 | T56: 1881.74 | U56: 1881.74 | V56: 3612009260 | W56: 7 | Z56: 0 | AA56: 73 | AB56: 6 | AC56: T | AD56: 6 | AL56: N
A57: 2 | B57: 612 | C57: MERCADINHO LAGOA GRA | D57: 2 | E57: 95638 | F57: 0 | G57: 1 | H57: 1 | I57: 10 | J57: 102 | K57: 4 | L57: 0 | M57: 237 | O57: 3 | P57: 46129 | Q57: 46130 | R57: 46139 | S57: 1686.63 | T57: 1686.63 | U57: 1686.63 | V57: 3612009221 | W57: 6 | Z57: 0 | AA57: 73 | AB57: 3 | AC57: T | AD57: 3 | AL57: N
A58: 2 | B58: 620 | C58: MERCADINHO O ODAIR | D58: 2 | E58: 95666 | F58: 0 | G58: 1 | H58: 1 | I58: 10 | J58: 101 | K58: 4 | L58: 0 | M58: 237 | O58: 3 | P58: 46129 | Q58: 46130 | R58: 46139 | S58: 310.22 | T58: 310.22 | U58: 310.22 | V58: 3612009223 | W58: 2 | Z58: 0 | AA58: 73 | AB58: 3 | AC58: T | AD58: 3 | AL58: N
A59: 2 | B59: 622 | C59: CLUBE DA NILCE (ACAR | D59: 2 | E59: 96126 | F59: 0 | G59: 1 | H59: 1 | I59: 10 | J59: 101 | K59: 4 | L59: 0 | M59: 237 | O59: 3 | P59: 46132 | Q59: 46134 | R59: 46139 | S59: 651.66 | T59: 651.66 | U59: 651.66 | V59: 3612009286 | W59: 0 | Z59: 0 | AA59: 75 | AB59: 3 | AC59: T | AD59: 3 | AL59: N
A60: 2 | B60: 849 | C60: S5 - CONTAINER CARNE | D60: 2 | E60: 96335 | F60: 0 | G60: 1 | H60: 1 | I60: 10 | J60: 103 | K60: 4 | L60: 0 | M60: 237 | O60: 3 | P60: 46134 | Q60: 46135 | R60: 46139 | S60: 809.5 | T60: 809.5 | U60: 809.5 | V60: 3612009326 | W60: 3 | Z60: 0 | AA60: 75 | AB60: 6 | AC60: T | AD60: 6 | AL60: N
A61: 2 | B61: 891 | C61: S5 - ALCHYMIST BEACH | D61: 2 | E61: 92998 | F61: 0 | G61: 1 | H61: 5 | I61: 50 | J61: 515 | K61: 4 | L61: 0 | M61: 237 | O61: 3 | P61: 46116 | Q61: 46118 | R61: 46139 | S61: 532.8 | T61: 532.8 | U61: 532.8 | V61: 3612008826 | W61: P | Z61: 0 | AA61: 75 | AB61: 4 | AC61: T | AD61: 4 | AL61: N
A62: 2 | B62: 896 | C62: MERC ELIAS JERI | D62: 2 | E62: 96148 | F62: 0 | G62: 1 | H62: 5 | I62: 50 | J62: 514 | K62: 4 | L62: 0 | M62: 237 | O62: 3 | P62: 46134 | Q62: 46135 | R62: 46139 | S62: 2075.4 | T62: 2075.4 | U62: 2075.4 | V62: 3612009293 | W62: 3 | Z62: 0 | AA62: 73 | AB62: 3 | AC62: T | AD62: 3 | AL62: N
A63: 2 | B63: 1001 | C63: HTO VILLA AGUA DE CO | D63: 2 | E63: 95527 | F63: 0 | G63: 1 | H63: 5 | I63: 50 | J63: 514 | K63: 4 | L63: 0 | M63: 237 | O63: 3 | P63: 46129 | Q63: 46130 | R63: 46139 | S63: 418.73 | T63: 418.73 | U63: 418.73 | V63: 3612009203 | W63: 8 | Z63: 0 | AA63: 75 | AB63: 4 | AC63: T | AD63: 4 | AL63: N
A64: 2 | B64: 1102 | C64: ATACADAO DO VALE FIL | D64: 2 | E64: 96136 | F64: 0 | G64: 1 | H64: 5 | I64: 50 | J64: 515 | K64: 4 | L64: 0 | M64: 237 | O64: 3 | P64: 46134 | Q64: 46135 | R64: 46139 | S64: 4842.73 | T64: 4842.73 | U64: 4842.73 | V64: 3612009290 | W64: 9 | Z64: 0 | AA64: 73 | AB64: 3 | AC64: T | AD64: 3 | AL64: N
A65: 2 | B65: 2192 | C65: ENCANTO VERDE | D65: 2 | E65: 96264 | F65: 0 | G65: 1 | H65: 1 | I65: 10 | J65: 104 | K65: 4 | L65: 0 | M65: 237 | O65: 3 | P65: 46134 | Q65: 46135 | R65: 46139 | S65: 444.07 | T65: 444.07 | U65: 444.07 | V65: 3612009320 | W65: 4 | Z65: 0 | AA65: 73 | AB65: 4 | AC65: T | AD65: 4 | AL65: N
A66: 2 | B66: 2235 | C66: CHUR NOSSO RANCHO | D66: 2 | E66: 95555 | F66: 0 | G66: 1 | H66: 1 | I66: 10 | J66: 104 | K66: 4 | L66: 0 | M66: 237 | O66: 3 | P66: 46129 | Q66: 46130 | R66: 46139 | S66: 58.84 | T66: 58.84 | U66: 58.84 | V66: 3612009208 | W66: 9 | Z66: 0 | AA66: 75 | AB66: 6 | AC66: T | AD66: 6 | AL66: N
A67: 2 | B67: 2392 | C67: FRANCISCO FLAVIO DA | D67: 2 | E67: 95562 | F67: 0 | G67: 1 | H67: 1 | I67: 10 | J67: 104 | K67: 4 | L67: 0 | M67: 237 | O67: 3 | P67: 46129 | Q67: 46130 | R67: 46139 | S67: 139.54 | T67: 139.54 | U67: 139.54 | V67: 3612009210 | W67: 0 | Z67: 0 | AA67: 73 | AB67: 4 | AC67: T | AD67: 4 | AL67: N
A68: 2 | B68: 2516 | C68: BUTECO SAO JORGE | D68: 2 | E68: 95499 | F68: 0 | G68: 1 | H68: 5 | I68: 50 | J68: 512 | K68: 4 | L68: 0 | M68: 237 | O68: 3 | P68: 46129 | Q68: 46130 | R68: 46139 | S68: 876.37 | T68: 876.37 | U68: 876.37 | V68: 3612009196 | W68: 1 | Z68: 0 | AA68: 75 | AB68: 5 | AC68: T | AD68: 5 | AL68: N
A69: 2 | B69: 2531 | C69: LANCHES E BAR OSMARZ | D69: 2 | E69: 96154 | F69: 0 | G69: 1 | H69: 5 | I69: 50 | J69: 512 | K69: 4 | L69: 0 | M69: 237 | O69: 3 | P69: 46134 | Q69: 46135 | R69: 46139 | S69: 297.5 | T69: 297.5 | U69: 297.5 | V69: 3612009294 | W69: 1 | Z69: 0 | AA69: 75 | AB69: 6 | AC69: T | AD69: 6 | AL69: N
A70: 2 | B70: 2774 | C70: MARCELO MARQUES | D70: 2 | E70: 95505 | F70: 0 | G70: 1 | H70: 5 | I70: 50 | J70: 512 | K70: 4 | L70: 0 | M70: 237 | O70: 3 | P70: 46129 | Q70: 46130 | R70: 46139 | S70: 254.88 | T70: 254.88 | U70: 254.88 | V70: 3612009198 | W70: 8 | Z70: 0 | AA70: 73 | AB70: 4 | AC70: T | AD70: 4 | AL70: N
A71: 2 | B71: 3117 | C71: SALUSTIANA BEACH | D71: 2 | E71: 96169 | F71: 0 | G71: 1 | H71: 5 | I71: 50 | J71: 512 | K71: 4 | L71: 0 | M71: 237 | O71: 3 | P71: 46134 | Q71: 46135 | R71: 46139 | S71: 389.22 | T71: 389.22 | U71: 389.22 | V71: 3612009300 | W71: P | Z71: 0 | AA71: 75 | AB71: 4 | AC71: T | AD71: 4 | AL71: N
A72: 2 | B72: 3197 | C72: BEIRA DAGUA | D72: 2 | E72: 95523 | F72: 0 | G72: 1 | H72: 5 | I72: 50 | J72: 515 | K72: 4 | L72: 0 | M72: 237 | O72: 3 | P72: 46129 | Q72: 46130 | R72: 46139 | S72: 1027.12 | T72: 1027.12 | U72: 1027.12 | V72: 3612009202 | W72: P | Z72: 0 | AA72: 75 | AB72: 3 | AC72: T | AD72: 3 | AL72: N
A73: 2 | B73: 3299 | C73: BARRACA DO CHEF | D73: 2 | E73: 95501 | F73: 0 | G73: 1 | H73: 5 | I73: 50 | J73: 512 | K73: 4 | L73: 0 | M73: 237 | O73: 3 | P73: 46129 | Q73: 46130 | R73: 46139 | S73: 732.73 | T73: 732.73 | U73: 732.73 | V73: 3612009197 | W73: P | Z73: 0 | AA73: 75 | AB73: 5 | AC73: T | AD73: 5 | AL73: N
A74: 2 | B74: 3326 | C74: CARNAUBA PIZZARIA | D74: 2 | E74: 95780 | F74: 0 | G74: 1 | H74: 5 | I74: 50 | J74: 511 | K74: 4 | L74: 0 | M74: 237 | O74: 3 | P74: 46130 | Q74: 46132 | R74: 46139 | S74: 508.01 | T74: 508.01 | U74: 508.01 | V74: 3612009232 | W74: 1 | Z74: 0 | AA74: 75 | AB74: 4 | AC74: T | AD74: 4 | AL74: N
A75: 2 | B75: 3332 | C75: BAR E DEPOSITO SKINA | D75: 2 | E75: 95603 | F75: 0 | G75: 1 | H75: 1 | I75: 10 | J75: 102 | K75: 4 | L75: 0 | M75: 237 | O75: 3 | P75: 46129 | Q75: 46130 | R75: 46139 | S75: 910.34 | T75: 910.34 | U75: 910.34 | V75: 3612009218 | W75: 6 | Z75: 0 | AA75: 72 | AB75: 3 | AC75: T | AD75: 3 | AL75: N
A76: 2 | B76: 3364 | C76: MERCANTIL ALEMaO | D76: 2 | E76: 95710 | F76: 0 | G76: 1 | H76: 5 | I76: 50 | J76: 512 | K76: 4 | L76: 0 | M76: 237 | O76: 3 | P76: 46130 | Q76: 46132 | R76: 46139 | S76: 279.75 | T76: 279.75 | U76: 279.75 | V76: 3612009227 | W76: 5 | Z76: 0 | AA76: 73 | AB76: 4 | AC76: T | AD76: 4 | AL76: N
A77: 2 | B77: 3373 | C77: STILO BAR | D77: 2 | E77: 95543 | F77: 0 | G77: 1 | H77: 5 | I77: 50 | J77: 511 | K77: 4 | L77: 0 | M77: 237 | O77: 3 | P77: 46129 | Q77: 46130 | R77: 46139 | S77: 284.5 | T77: 284.5 | U77: 284.5 | V77: 3612009207 | W77: 0 | Z77: 0 | AA77: 75 | AB77: 5 | AC77: T | AD77: 5 | AL77: N
A78: 2 | B78: 3405 | C78: CLUBE DOS COQUEIROS | D78: 2 | E78: 95520 | F78: 0 | G78: 1 | H78: 5 | I78: 50 | J78: 511 | K78: 4 | L78: 0 | M78: 237 | O78: 3 | P78: 46129 | Q78: 46130 | R78: 46139 | S78: 333.92 | T78: 333.92 | U78: 333.92 | V78: 3612009200 | W78: 3 | Z78: 0 | AA78: 73 | AB78: 4 | AC78: T | AD78: 4 | AL78: N
A79: 2 | B79: 3452 | C79: LANCHONETE VIA PREA | D79: 2 | E79: 95532 | F79: 0 | G79: 1 | H79: 5 | I79: 50 | J79: 514 | K79: 4 | L79: 0 | M79: 237 | O79: 3 | P79: 46129 | Q79: 46130 | R79: 46139 | S79: 283.38 | T79: 283.38 | U79: 283.38 | V79: 3612009205 | W79: 4 | Z79: 0 | AA79: 75 | AB79: 3 | AC79: T | AD79: 3 | AL79: N
A80: 2 | B80: 3460 | C80: ESPETINHO PONTO X | D80: 2 | E80: 95645 | F80: 0 | G80: 1 | H80: 1 | I80: 10 | J80: 102 | K80: 4 | L80: 0 | M80: 237 | O80: 3 | P80: 46129 | Q80: 46130 | R80: 46139 | S80: 1120.01 | T80: 1120.01 | U80: 1120.01 | V80: 3612009222 | W80: 4 | Z80: 0 | AA80: 75 | AB80: 4 | AC80: T | AD80: 4 | AL80: N
A81: 2 | B81: 3489 | C81: TOP BAR | D81: 2 | E81: 95522 | F81: 0 | G81: 1 | H81: 5 | I81: 50 | J81: 511 | K81: 4 | L81: 0 | M81: 237 | O81: 3 | P81: 46129 | Q81: 46130 | R81: 46139 | S81: 286.69 | T81: 286.69 | U81: 286.69 | V81: 3612009201 | W81: 1 | Z81: 0 | AA81: 75 | AB81: 4 | AC81: T | AD81: 4 | AL81: N
A82: 2 | B82: 3521 | C82: CAJUEIROS BAR | D82: 2 | E82: 95519 | F82: 0 | G82: 1 | H82: 5 | I82: 50 | J82: 511 | K82: 4 | L82: 0 | M82: 237 | O82: 3 | P82: 46129 | Q82: 46130 | R82: 46139 | S82: 227.5 | T82: 227.5 | U82: 227.5 | V82: 3612009199 | W82: 6 | Z82: 0 | AA82: 75 | AB82: 4 | AC82: T | AD82: 4 | AL82: N
A83: 2 | B83: 3537 | C83: BAR DO ANTONIO | D83: 2 | E83: 95490 | F83: 0 | G83: 1 | H83: 5 | I83: 50 | J83: 512 | K83: 4 | L83: 0 | M83: 237 | O83: 3 | P83: 46129 | Q83: 46130 | R83: 46139 | S83: 995.58 | T83: 995.58 | U83: 995.58 | V83: 3612009195 | W83: 3 | Z83: 0 | AA83: 75 | AB83: 4 | AC83: T | AD83: 4 | AL83: N
A84: 2 | B84: 3567 | C84: RESTAURANTE PANELACO | D84: 2 | E84: 95537 | F84: 0 | G84: 1 | H84: 5 | I84: 50 | J84: 514 | K84: 4 | L84: 0 | M84: 237 | O84: 3 | P84: 46129 | Q84: 46130 | R84: 46139 | S84: 150.5 | T84: 150.5 | U84: 150.5 | V84: 3612009206 | W84: 2 | Z84: 0 | AA84: 75 | AB84: 4 | AC84: T | AD84: 4 | AL84: N
A85: 2 | B85: 3577 | C85: MERCADINHO DIAS | D85: 2 | E85: 95698 | F85: 0 | G85: 1 | H85: 5 | I85: 50 | J85: 513 | K85: 4 | L85: 0 | M85: 237 | O85: 3 | P85: 46129 | Q85: 46130 | R85: 46139 | S85: 164.21 | T85: 164.21 | U85: 164.21 | V85: 3612009226 | W85: 7 | Z85: 0 | AA85: 73 | AB85: 4 | AC85: T | AD85: 4 | AL85: N
A86: 2 | B86: 3644 | C86: LANCHONETE CONFIANCA | D86: 2 | E86: 95711 | F86: 0 | G86: 1 | H86: 5 | I86: 50 | J86: 512 | K86: 4 | L86: 0 | M86: 237 | O86: 3 | P86: 46130 | Q86: 46132 | R86: 46139 | S86: 60.89 | T86: 60.89 | U86: 60.89 | V86: 3612009228 | W86: 3 | Z86: 0 | AA86: 75 | AB86: 4 | AC86: T | AD86: 4 | AL86: N
A87: 2 | B87: 3655 | C87: GUIS FAST FOOD | D87: 2 | E87: 95597 | F87: 0 | G87: 1 | H87: 1 | I87: 10 | J87: 102 | K87: 4 | L87: 0 | M87: 237 | O87: 3 | P87: 46129 | Q87: 46130 | R87: 46139 | S87: 200.31 | T87: 200.31 | U87: 200.31 | V87: 3612009216 | W87: P | Z87: 0 | AA87: 75 | AB87: 4 | AC87: T | AD87: 4 | AL87: N
A88: 2 | B88: 3655 | C88: GUIS FAST FOOD | D88: 2 | E88: 95598 | F88: 0 | G88: 1 | H88: 1 | I88: 10 | J88: 102 | K88: 4 | L88: 0 | M88: 237 | O88: 3 | P88: 46129 | Q88: 46130 | R88: 46139 | S88: 291.93 | T88: 291.93 | U88: 291.93 | V88: 3612009217 | W88: 8 | Z88: 0 | AA88: 75 | AB88: 4 | AC88: T | AD88: 4 | AL88: N
A89: 2 | B89: 3661 | C89: BAR DO DIMAS | D89: 2 | E89: 96161 | F89: 0 | G89: 1 | H89: 5 | I89: 50 | J89: 512 | K89: 4 | L89: 0 | M89: 237 | O89: 3 | P89: 46134 | Q89: 46135 | R89: 46139 | S89: 1405.37 | T89: 1405.37 | U89: 1405.37 | V89: 3612009297 | W89: 6 | Z89: 0 | AA89: 75 | AB89: 3 | AC89: T | AD89: 3 | AL89: N
A90: 2 | B90: 3689 | C90: BAR DA DAYANNE | D90: 2 | E90: 95734 | F90: 0 | G90: 1 | H90: 1 | I90: 10 | J90: 101 | K90: 4 | L90: 0 | M90: 237 | O90: 3 | P90: 46130 | Q90: 46132 | R90: 46139 | S90: 593.65 | T90: 593.65 | U90: 593.65 | V90: 3612009230 | W90: 5 | Z90: 0 | AA90: 75 | AB90: 4 | AC90: T | AD90: 4 | AL90: N
A91: 2 | B91: 3789 | C91: NOVO MERCADINHO | D91: 2 | E91: 95628 | F91: 0 | G91: 1 | H91: 1 | I91: 10 | J91: 101 | K91: 4 | L91: 0 | M91: 237 | O91: 3 | P91: 46129 | Q91: 46130 | R91: 46139 | S91: 1623.56 | T91: 1623.56 | U91: 1623.56 | V91: 3612009220 | W91: 8 | Z91: 0 | AA91: 73 | AB91: 3 | AC91: T | AD91: 3 | AL91: N
A92: 2 | B92: 3818 | C92: BOTECO LAGOA AZUL | D92: 2 | E92: 95784 | F92: 0 | G92: 1 | H92: 5 | I92: 50 | J92: 511 | K92: 4 | L92: 0 | M92: 237 | O92: 3 | P92: 46130 | Q92: 46132 | R92: 46139 | S92: 246.48 | T92: 246.48 | U92: 246.48 | V92: 3612009233 | W92: P | Z92: 0 | AA92: 75 | AB92: 4 | AC92: T | AD92: 4 | AL92: N
A93: 2 | B93: 3840 | C93: COSTEIRO SEAFOOD | D93: 2 | E93: 95670 | F93: 0 | G93: 1 | H93: 1 | I93: 10 | J93: 103 | K93: 4 | L93: 0 | M93: 237 | O93: 3 | P93: 46129 | Q93: 46130 | R93: 46139 | S93: 786.84 | T93: 786.84 | U93: 786.84 | V93: 3612009224 | W93: 0 | Z93: 0 | AA93: 75 | AB93: 5 | AC93: T | AD93: 5 | AL93: N
A94: 2 | B94: 3889 | C94: SUCOS e CIA | D94: 2 | E94: 95563 | F94: 0 | G94: 1 | H94: 1 | I94: 10 | J94: 104 | K94: 4 | L94: 0 | M94: 237 | O94: 3 | P94: 46129 | Q94: 46130 | R94: 46139 | S94: 625.05 | T94: 625.05 | U94: 625.05 | V94: 3612009211 | W94: 9 | Z94: 0 | AA94: 75 | AB94: 5 | AC94: T | AD94: 5 | AL94: N
A95: 2 | B95: 3889 | C95: SUCOS e CIA | D95: 2 | E95: 95564 | F95: 0 | G95: 1 | H95: 1 | I95: 10 | J95: 104 | K95: 4 | L95: 0 | M95: 237 | O95: 3 | P95: 46129 | Q95: 46130 | R95: 46139 | S95: 454.02 | T95: 454.02 | U95: 454.02 | V95: 3612009212 | W95: 7 | Z95: 0 | AA95: 75 | AB95: 5 | AC95: T | AD95: 5 | AL95: N
A96: 2 | B96: 4011 | C96: MERCADINHO KEVINA | D96: 2 | E96: 96033 | F96: 0 | G96: 1 | H96: 1 | I96: 10 | J96: 102 | K96: 4 | L96: 0 | M96: 237 | O96: 3 | P96: 46132 | Q96: 46134 | R96: 46139 | S96: 473.44 | T96: 473.44 | U96: 473.44 | V96: 3612009269 | W96: 0 | Z96: 0 | AA96: 73 | AB96: 3 | AC96: T | AD96: 3 | AL96: N
A97: 2 | B97: 4038 | C97: ANKURA PREA | D97: 2 | E97: 95528 | F97: 0 | G97: 1 | H97: 5 | I97: 50 | J97: 515 | K97: 4 | L97: 0 | M97: 237 | O97: 3 | P97: 46129 | Q97: 46130 | R97: 46139 | S97: 975.77 | T97: 975.77 | U97: 975.77 | V97: 3612009204 | W97: 6 | Z97: 0 | AA97: 75 | AB97: 3 | AC97: T | AD97: 3 | AL97: N
A98: 2 | B98: 265 | C98: STAR CONVENIENCIA A | D98: 2 | E98: 96331 | F98: 0 | G98: 1 | H98: 1 | I98: 10 | J98: 103 | K98: 4 | L98: 0 | M98: 237 | O98: 4 | P98: 46134 | Q98: 46135 | R98: 46140 | S98: 462.8 | T98: 462.8 | U98: 462.8 | V98: 3612009325 | W98: 5 | Z98: 0 | AA98: 73 | AB98: 3 | AC98: T | AD98: 3 | AL98: N
A99: 2 | B99: 1 | C99: AGUA NA BOCA | D99: 2 | E99: 95927 | F99: 0 | G99: 1 | H99: 1 | I99: 10 | J99: 102 | K99: 4 | L99: 0 | M99: 237 | O99: 5 | P99: 46132 | Q99: 46134 | R99: 46141 | S99: 193.17 | T99: 193.17 | U99: 193.17 | V99: 3612009252 | W99: 6 | Z99: 0 | AA99: 73 | AB99: 3 | AC99: T | AD99: 3 | AL99: N
A100: 2 | B100: 342 | C100: CHURR POINT DA GAL | D100: 2 | E100: 96006 | F100: 0 | G100: 1 | H100: 5 | I100: 50 | J100: 513 | K100: 4 | L100: 0 | M100: 237 | O100: 5 | P100: 46132 | Q100: 46134 | R100: 46141 | S100: 507.44 | T100: 507.44 | U100: 507.44 | V100: 3612009266 | W100: 6 | Z100: 0 | AA100: 75 | AB100: 5 | AC100: T | AD100: 5 | AL100: N
...

Sheet RANKING - GV
A1: TT VENCIDO => | B1: =SUM(B2:B4) -> 15820.3 | D1: GV
A2: R$ INAD. => | B2: =SUMIFS(MENU!O:O,MENU!B:B,"INAD.",MENU!K:K,">=-30",MENU!K:K,"<=0",MENU!J:J,'RANKING - GV'!D2) -> 11408.39 | D2: Jaissa
A3: R$ IREC. => | B3: =SUMIFS(MENU!O:O,MENU!B:B,"IREC.",MENU!K:K,">=-75",MENU!K:K,"<=0",MENU!J:J,'RANKING - GV'!D2) -> 4411.91
A4: R$ PDD => | B4: =SUMIFS(MENU!O:O, MENU!B:B, "PDD", MENU!K:K, "<=-75",MENU!J:J,'RANKING - GV'!D2) -> 0
A8: META | B8: PORCENTAGEM DE CADA GV
A9: 0.30% | B9: =$B$2/MENU!N2 -> 0.0028706744
A10: 0.12% | B10: =B3/MENU!N2 -> 0.0011101616

Sheet GV - SETORES
A1: SETORES | B1: GV | D1: GC | E1: Anderson
A2: 512 | B2: Jaissa
A3: 513 | B3: Jaissa
A4: 514 | B4: Jaissa
A5: 511 | B5: Jaissa
A6: 515 | B6: Jaissa
A7: 101 | B7: Fredson
A8: 103 | B8: Fredson
A9: 102 | B9: Fredson
A10: 104 | B10: Fredson
A11: 501 | B11: Fredson

Sheet RN - SETORES
A1: 106 | B1: Juan
A2: 103 | B2: André
A3: 101 | B3: Francisco Damilo
A4: 102 | B4: Francisco
A5: 104 | B5: Neto
A6: 512 | B6: =_xlfn.TEXTBEFORE(PROPER(_xlfn.XLOOKUP(A6,'[1]01.20.11_PW01127R_Lucas_v_11491'!$B:$B,'[1]01.20.11_PW01127R_Lucas_v_11491'!$C:$C))," ") -> Kelvia
A7: 513 | B7: =_xlfn.TEXTBEFORE(PROPER(_xlfn.XLOOKUP(A7,'[1]01.20.11_PW01127R_Lucas_v_11491'!$B:$B,'[1]01.20.11_PW01127R_Lucas_v_11491'!$C:$C))," ") -> Jefferson
A8: 514 | B8: =_xlfn.TEXTBEFORE(PROPER(_xlfn.XLOOKUP(A8,'[1]01.20.11_PW01127R_Lucas_v_11491'!$B:$B,'[1]01.20.11_PW01127R_Lucas_v_11491'!$C:$C))," ") -> Juan
A9: 515 | B9: =_xlfn.TEXTBEFORE(PROPER(_xlfn.XLOOKUP(A9,'[1]01.20.11_PW01127R_Lucas_v_11491'!$B:$B,'[1]01.20.11_PW01127R_Lucas_v_11491'!$C:$C))," ") -> Jose
A10: 511 | B10: Danilo
